430,2/17/2017,00206RAG,US00206RAG74,T,T,6.3,1/15/2038,0.67,UTEL,DIVT,"1,252.79","1,410.28",20.9014,0.6125,111.9586,5.3428,5.3428,12.0181,12.2128,12.0181,247.8973,248,259.9724,2.0253,2.0864,-1.2341,0.2926,0,-0.9416
,2/17/2017,00206RBA,US00206RBA95,T,T,5.5,8/15/2041,0.67,UTEL,DIVT,"1,187.93","1,214.09",24.4822,0.0771,102.1244,5.3926,5.3926,13.4149,13.6877,13.4149,237.2635,237,250.8148,2.5791,2.6781,-1.4528,0.276,0.0002,-1.1768
,2/17/2017,00206RDH,US00206RDH21,T,T,5.1,3/15/2042,0.67,UTEL,DIVT,"1,422.05","1,408.32",25.063,2.2174,96.8172,5.3825,5.3825,13.4915,13.7716,13.4915,235.6804,236,248.1525,2.664,2.769,-0.5504,0.2737,0,-0.2767
,2/17/2017,00209TAB,US00209TAB17,CMCSA,CMCSA,9.4,11/15/2022,1,ISRV,CBLE,"1,261.50","1,724.67",5.7342,2.4951,134.2212,2.9288,2.9288,4.5884,4.6271,4.5884,86.3791,86,93.2416,0.2626,0.2664,-0.9013,0.363,0,-0.5383
,2/17/2017,00287YAL,US00287YAL39,ABBV,ABBV,2.9,11/6/2022,1,ISRV,PHRM,"3,613.07","3,605.46",5.7096,0.8378,98.9514,3.1012,3.1012,5.1779,5.2325,5.1779,104.0614,104,105.0625,0.3087,0.3141,-0.0265,0.1536,0,0.127
,2/17/2017,00287YAM,US00287YAM12,ABBV,ABBV,4.4,11/6/2042,1,ISRV,PHRM,"3,058.14","2,911.88",25.7096,1.2711,93.9462,4.8125,4.8125,14.7446,15.1037,14.7446,178.3071,178,187.0426,3.0709,3.2098,0.1384,0.2448,0,0.3833
,2/17/2017,02209SAN,US02209SAN36,MO,MO,2.8,8/9/2022,1,ICON,TOBC,"2,235.74","2,233.01",5.4658,0.0871,99.7909,2.8915,2.8915,5.0258,5.0754,5.0258,87.3051,87,88.209,0.2888,0.2936,0.0671,0.1491,0.0003,0.2162
,2/17/2017,02209SAR,US02209SAR40,MO,MO,5.3,1/31/2044,1,ICON,TOBC,"2,118.07","2,436.12",26.9452,0.2986,114.7173,4.4335,4.4335,14.9881,15.3051,14.9881,139.7864,140,149.9547,3.1881,3.3171,1.4772,0.2641,0,1.7414
,2/17/2017,02209SAS,US02209SAS23,MO,MO,4,1/31/2024,1,ICON,TOBC,"1,647.39","1,732.19",6.9452,0.2222,104.9253,3.2031,3.2031,6.0458,6.1204,6.0458,97.4608,97,99.8632,0.4246,0.4335,0.0291,0.2119,0,0.241
,2/17/2017,02364WAJ,US02364WAJ45,AMX,AMXL,6.3,3/1/2035,1,UTEL,WLES,"1,176.70","1,423.28",18.0247,2.9927,117.9624,4.867,4.867,11.0065,11.1524,11.0065,214.8299,215,223.4117,1.6672,1.7083,0.6909,0.2809,0,0.9717
,2/17/2017,02364WAW,US02364WAW55,AMX,AMXL,6.1,3/30/2040,1,UTEL,WLES,"2,353.41","2,763.75",23.1041,2.3819,115.0541,5.0168,5.0168,12.781,13.0454,12.781,202.7671,203,216.4256,2.3488,2.4385,2.1112,0.2967,0,2.4079
,2/17/2017,02364WBE,US02364WBE49,AMX,AMXL,4.3,7/16/2042,1,UTEL,WLES,"1,353.21","1,277.37",25.4,0.4132,93.9823,4.7866,4.7866,14.8271,15.1978,14.8271,175.871,176,184.4684,3.0647,3.206,1.1204,0.248,0,1.3683
,2/17/2017,025816BD,US025816BD05,AXP,AXP,2.6,12/2/2022,0.67,FOTH,OTHF,"1,490.14","1,482.77",5.7808,0.5742,98.9317,2.8512,2.8512,5.2918,5.3493,5.2918,77.7946,78,78.5036,0.3201,0.3259,-0.1262,0.1406,0,0.0143
,2/17/2017,025816BF,US025816BF52,AXP,AXP,4,12/3/2042,0.67,FOTH,OTHF,"1,235.30","1,216.45",25.7836,0.8662,97.6073,4.2025,4.2025,15.6386,16.0739,15.6386,117.2781,117,123.3702,3.3475,3.5166,0.7709,0.2192,0,0.9901
,2/17/2017,026874CY,US026874CY14,AIG,AIG,4.1,2/15/2024,1,FINS,LIFE,"1,176.70","1,218.81",6.9863,0.0573,103.5211,3.5514,3.5514,6.0474,6.1215,6.0474,131.8816,132,134.5352,0.4256,0.4344,-0.3778,0.2059,0.0002,-0.1719
,2/17/2017,03027XAB,US03027XAB64,AMT,AMT,3.5,1/31/2023,0,FOTH,REIT,"1,176.70","1,183.79",5.9452,0.1944,100.4073,3.4234,3.4234,5.3185,5.3765,5.3185,132.1872,132,133.8549,0.3264,0.3322,0.173,0.194,0,0.367
,2/17/2017,03027XAD,US03027XAD21,AMT,AMT,5,2/15/2024,0,FOTH,REIT,"1,176.70","1,266.28",6.9863,0.0694,107.543,3.762,3.762,5.9098,5.9793,5.9098,152.948,153,156.6973,0.412,0.4203,0.1305,0.2408,0.0002,0.3713
,2/17/2017,032511AY,US032511AY39,APC,APC,6.4,9/15/2036,0.33,IEGY,SOGP,"2,059.23","2,523.02",19.5671,2.7771,119.7452,4.8729,4.8729,11.5625,11.7342,11.5625,208.2489,208,218.246,1.8655,1.9169,-0.6179,0.2769,0,-0.341
,2/17/2017,03523TBQ,US03523TBQ04,ANBI,ABI,3.7,7/15/2042,1,ICON,BEVG,"1,176.70","1,087.94",25.3973,0.3646,92.0922,4.2625,4.2625,15.786,16.2517,15.786,123.4583,123,128.7038,3.364,3.5419,0.4666,0.2155,0,0.6821
,2/17/2017,035240AG,US035240AG57,ANBI,ABI,4.9,1/15/2042,1,ICON,BEVG,"1,753.68","1,917.54",24.9014,0.4813,108.8625,4.3627,4.3627,14.6418,15.0102,14.6418,133.8393,134,143.0824,2.969,3.1056,-0.3221,0.2387,0,-0.0834
,2/17/2017,035242AA,US035242AA44,ANBI,ABI,2.6,1/17/2023,1,ICON,BEVG,"1,470.88","1,449.35",5.9068,0.2406,98.2955,2.9411,2.9411,5.4147,5.4754,5.4147,84.5913,85,85.2765,0.3338,0.34,0.0311,0.1408,0,0.172
,2/17/2017,03524BAE,US03524BAE65,ANBI,ABI,3.7,2/1/2024,1,ICON,BEVG,"1,647.39","1,701.39",6.9479,0.1953,103.0831,3.2013,3.2013,6.0946,6.1708,6.0946,97.2557,97,99.318,0.4294,0.4385,0.1017,0.1869,0.0006,0.2885
,2/17/2017,037411AR,US037411AR61,APA,APA,6,1/15/2037,0.33,IEGY,SOGP,"1,176.70","1,364.41",19.9014,0.5833,115.3684,4.7929,4.7929,12.1063,12.3012,12.1063,198.5683,199,208.0068,1.9985,2.0576,-0.6449,0.2721,0,-0.3728
,2/17/2017,037833AK,US037833AK68,AAPL,AAPL,2.4,5/3/2023,2.67,IMAN,TRON,"6,471.88","6,400.03",6.1973,0.7133,98.1766,2.7211,2.7211,5.6773,5.7463,5.6773,57.8449,58,58.2229,0.3668,0.374,0.3772,0.1287,0,0.5059
,2/17/2017,037833AL,US037833AL42,AAPL,AAPL,3.8,5/4/2043,2.67,IMAN,TRON,"3,530.11","3,400.39",26.2,1.1336,95.1917,4.1525,4.1525,15.9469,16.3972,15.9469,112.0944,112,117.397,3.4809,3.6595,0.4685,0.2124,0,0.6809
,2/17/2017,037833AS,US037833AS94,AAPL,AAPL,3.4,5/6/2024,2.67,IMAN,TRON,"2,941.76","3,063.74",7.2055,0.9967,103.1497,2.9612,2.9612,6.3059,6.3882,6.3059,70.554,71,72.2797,0.4611,0.4709,0.428,0.1759,0,0.6039
,2/17/2017,037833AT,US037833AT77,AAPL,AAPL,4.4,5/6/2044,2.67,IMAN,TRON,"1,176.70","1,230.94",27.2055,1.2856,103.3234,4.2426,4.2426,15.6971,16.0792,15.6971,120.5196,121,127.8108,3.4602,3.6182,0.4519,0.226,0,0.6779
,2/17/2017,037833AZ,US037833AZ38,AAPL,AAPL,2.5,2/9/2025,2.67,IMAN,TRON,"1,765.06","1,696.93",7.9699,0.0764,96.0641,3.0602,3.0602,7.1426,7.2532,7.1426,71.2215,71,71.5863,0.577,0.5919,0.5265,0.1366,0.0003,0.6631
,2/17/2017,037833BA,US037833BA77,AAPL,AAPL,3.4,2/9/2045,2.67,IMAN,TRON,"2,353.41","2,116.27",27.9699,0.1054,89.818,4.0625,4.0625,17.1913,17.6776,17.1913,101.9947,102,105.7398,4.0067,4.2154,2.8934,0.2052,0.0004,3.0986
,2/17/2017,037833BG,US037833BG48,AAPL,AAPL,3.2,5/13/2025,2.67,IMAN,TRON,"2,353.41","2,395.59",8.2247,0.8622,100.93,3.0708,3.0708,7.1358,7.2458,7.1358,69.5869,70,71.0488,0.5886,0.6038,0.6467,0.1673,0,0.814
,2/17/2017,037833BH,US037833BH21,AAPL,AAPL,4.3,5/13/2045,2.67,IMAN,TRON,"2,353.41","2,435.93",28.2247,1.1788,102.3278,4.2326,4.2326,16.0873,16.4657,16.0873,118.9238,119,125.9208,3.6548,3.8183,1.6006,0.2272,0,1.8277
,2/17/2017,046353AD,US046353AD01,AZN,AZN,6.4,9/15/2037,1,ISRV,PHRM,"3,235.94","4,265.54",20.5671,2.7771,129.0406,4.3071,4.3071,12.2355,12.448,12.2355,146.3326,146,156.4133,2.0765,2.1423,-0.4681,0.2577,0,-0.2104
,2/17/2017,046353AG,US046353AG32,AZN,AZN,4,9/18/2042,1,ISRV,PHRM,"1,176.70","1,142.70",25.5753,1.6889,95.4212,4.2966,4.2966,15.3913,15.8226,15.3913,126.7758,127,132.9398,3.2711,3.437,-0.6908,0.2164,0,-0.4744
,2/17/2017,046353AL,US046353AL27,AZN,AZN,3.3,11/16/2025,1,ISRV,PHRM,"2,353.41","2,367.76",8.737,0.8813,99.7286,3.4107,3.4107,7.4461,7.5603,7.4461,100.6001,101,102.4001,0.6452,0.662,0.7572,0.1787,0,0.9359
,2/17/2017,046353AM,US046353AM00,AZN,AZN,4.3,11/16/2045,1,ISRV,PHRM,"1,176.70","1,195.52",28.737,1.1424,100.4565,4.3467,4.3467,16.1173,16.4748,16.1173,130.4151,130,137.6497,3.6985,3.8567,0.2375,0.2283,0,0.4658
,2/17/2017,04650NAB,US04650NAB01,T,T,5.3,9/1/2040,0.67,UTEL,DIVT,"2,105.48","2,174.49",23.5288,2.5115,100.7663,5.2925,5.2925,13.0134,13.2988,13.0134,229.0124,229,241.582,2.4473,2.5462,-0.5344,0.2727,0,-0.2617
,2/17/2017,054536AA,US054536AA57,AXA,AXAF,8.6,12/15/2030,0.67,FINS,LIFE,"1,470.88","2,040.35",13.8164,1.5528,137.1633,4.872,4.872,8.865,8.9524,8.865,229.9078,230,239.028,1.0508,1.0706,0.1948,0.3289,0,0.5237
,2/17/2017,055451AR,US055451AR98,BHP,BHP,4.1,2/24/2042,1.33,IMAN,METL,"1,176.70","1,196.49",25.0109,2.0167,99.6646,4.1466,4.1466,15.1861,15.6239,15.1861,112.1354,112,118.366,3.1718,3.3356,1.1448,0.217,0,1.3618
,2/17/2017,055451AU,US055451AU28,BHP,BHP,3.8,9/30/2023,1.33,IMAN,METL,"1,765.06","1,890.42",6.6082,1.4972,105.6053,2.9114,2.9114,5.7571,5.8267,5.7571,71.6873,72,73.8624,0.3883,0.396,-0.2874,0.1995,0,-0.0879
,2/17/2017,055451AV,US055451AV01,BHP,BHP,5,9/30/2043,1.33,IMAN,METL,"2,941.76","3,380.52",26.6082,1.9444,112.9705,4.1868,4.1868,15.1194,15.4742,15.1194,115.3153,115,123.9651,3.2364,3.3789,1.1252,0.245,0,1.3703
,2/17/2017,05565QCB,US05565QCB23,BP,BP,2.5,11/6/2022,1,IEGY,OILI,"1,176.70","1,157.48",5.7096,0.7222,97.6438,2.9509,2.9509,5.2366,5.2928,5.2366,89.0281,89,89.5828,0.3135,0.3191,0.0987,0.1344,0,0.2331
,2/17/2017,05565QCD,US05565QCD88,BP,BP,2.7,5/10/2023,1,IEGY,OILI,"1,765.06","1,741.71",6.2164,0.7639,97.9136,3.1211,3.1211,5.624,5.6916,5.624,97.5383,98,98.3877,0.3624,0.3697,-0.692,0.1463,0,-0.5457
,2/17/2017,05565QCP,US05565QCP19,BP,BP,3.8,2/10/2024,1,IEGY,OILI,"1,470.88","1,523.68",6.9726,0.1059,103.484,3.2514,3.2514,6.0987,6.1746,6.0987,102.0182,102,104.2293,0.4305,0.4395,-0.1414,0.1912,0.0003,0.0499
,2/17/2017,05565QDA,US05565QDA31,BP,BP,3.5,3/17/2025,1,IEGY,OILI,"1,176.70","1,201.24",8.0685,1.49,100.595,3.4208,3.4208,6.8849,6.9869,6.8849,106.1438,106,108.1462,0.5551,0.5688,-0.2757,0.1811,0,-0.0946
,2/17/2017,05574LFY,US05574LFY92,BNPQY,BNP,3.2,3/3/2023,1.33,FBNK,BANK,"1,176.70","1,199.47",6.0301,1.5076,100.4269,3.1716,3.1716,5.3642,5.4246,5.3642,105.4701,105,106.8939,0.3349,0.3412,-0.4717,0.1678,0,-0.3039
,2/17/2017,05578DAG,US05578DAG79,BPCE,BPCE,4,4/15/2024,1.33,FBNK,BANK,"1,765.06","1,852.70",7.1479,1.3889,103.5765,3.4313,3.4313,6.1218,6.1988,6.1218,118.1616,118,120.6804,0.4407,0.4499,0.1656,0.2019,0,0.3675
,2/17/2017,05579T5G,US05579T5G71,BNPQY,BNP,4.2,10/15/2024,0.67,FBNK,BANK,"1,176.70","1,193.96",7.6493,1.4757,99.9907,4.2507,4.2507,6.3821,6.4666,6.3821,194.2228,194,197.4037,0.4839,0.4948,-0.701,0.22,0,-0.481
,2/17/2017,057224AZ,US057224AZ09,BHI,BHIX,5.1,9/15/2040,1.33,IEGY,OILS,"1,348.10","1,515.54",23.5671,2.2066,110.2135,4.4227,4.4227,13.8337,14.1839,13.8337,141.9335,142,151.7917,2.6739,2.7956,-0.3036,0.2405,0,-0.0631
,2/17/2017,06050TJZ,US06050TJZ66,BAC,BAC,6,10/15/2036,0.67,FBNK,BANK,707.4598,876.0598,19.6493,2.0833,121.7484,4.3429,4.3429,12.1011,12.3003,12.1011,154.8452,155,163.3947,1.995,2.0549,0.6859,0.2581,0,0.9441
,2/17/2017,06051GEN,US06051GEN51,BAC,BAC,5.8,2/7/2042,0.67,FBNK,BANK,848.9518,"1,031.57",24.9644,0.2122,121.299,4.4528,4.4528,14.1256,14.4386,14.1256,142.7944,143,154.6004,2.8053,2.9211,1.0721,0.253,0.0006,1.3252
,2/17/2017,06051GEU,US06051GEU94,BAC,BAC,3.3,1/11/2023,0.67,FBNK,BANK,"2,405.36","2,414.99",5.8904,0.3575,100.0426,3.2916,3.2916,5.2969,5.3544,5.2969,119.9265,120,121.4048,0.3233,0.329,-0.0302,0.1737,0,0.1435
,2/17/2017,06051GFB,US06051GFB05,BAC,BAC,4.1,1/22/2024,0.67,FBNK,BANK,"1,414.92","1,477.66",6.9205,0.3208,104.1136,3.4515,3.4515,5.9905,6.0637,5.9905,122.5189,123,125.1576,0.4184,0.4268,0.5183,0.21,0,0.7283
,2/17/2017,06051GFC,US06051GFC87,BAC,BAC,5,1/21/2044,0.67,FBNK,BANK,"1,131.94","1,218.24",26.9178,0.4028,107.2218,4.5326,4.5326,15.0926,15.4217,15.0926,149.7151,150,159.267,3.2276,3.3618,-1.083,0.2431,0,-0.8398
,2/17/2017,06051GFF,US06051GFF19,BAC,BAC,4,4/1/2024,0.67,FBNK,BANK,"1,556.41","1,628.91",7.1096,1.5444,103.1139,3.5012,3.5012,6.079,6.155,6.079,125.5557,126,128.0803,0.4353,0.4443,0.4132,0.203,0,0.6161
,2/17/2017,06051GFG,US06051GFG91,BAC,BAC,4.8,4/1/2044,0.67,FBNK,BANK,848.9518,932.2432,27.1096,1.8823,107.9288,4.3726,4.3726,15.1747,15.5173,15.1747,133.5848,134,142.3634,3.2876,3.4285,1.6587,0.2387,0,1.8974
,2/17/2017,06051GFH,US06051GFH74,BAC,BAC,4.2,8/26/2024,0.33,FBNK,BANK,"1,697.90","1,766.27",7.5123,2.03,101.9967,3.891,3.891,6.2853,6.3671,6.2853,159.9654,160,162.9168,0.4705,0.4809,0.6916,0.215,0,0.9066
,2/17/2017,06051GFL,US06051GFL86,BAC,BAC,4.2,10/22/2026,0.33,FBNK,BANK,"1,131.94","1,163.73",9.6685,1.3931,101.4158,4.0708,4.0708,7.7787,7.8865,7.7787,163.7481,164,167.0025,0.726,0.7435,1.0199,0.2209,0,1.2408
,2/17/2017,06051GFM,US06051GFM69,BAC,BAC,4,1/22/2025,0.33,FBNK,BANK,"1,414.92","1,419.21",7.9205,0.3111,99.9923,4.0008,4.0008,6.7125,6.8068,6.7125,165.8625,166,168.7148,0.5271,0.5396,0.4762,0.2119,0,0.6881
,2/17/2017,06051GFP,US06051GFP90,BAC,BAC,3.9,4/21/2025,0.33,FBNK,BANK,"1,414.92","1,425.46",8.1644,1.3057,99.439,4.0306,4.0306,6.8299,6.9292,6.8299,166.1806,166,169.0345,0.5513,0.5648,0.6281,0.2087,0,0.8368
,2/17/2017,06051GFS,US06051GFS30,BAC,BAC,3.8,8/1/2025,0.67,FBNK,BANK,"1,980.89","2,011.16",8.4438,0.2045,101.3239,3.6909,3.6909,7.1474,7.2537,7.1474,129.9883,130,132.6476,0.5962,0.6113,0.4902,0.1997,0.0006,0.6899
,2/17/2017,06051GFU,US06051GFU85,BAC,BAC,4.4,3/3/2026,0.33,FBNK,BANK,"1,131.94","1,182.29",9.0301,2.0643,102.3844,4.1309,4.1309,7.2601,7.3616,7.2601,171.8571,172,175.4498,0.6365,0.6518,0.3601,0.2262,0,0.5863
,2/17/2017,06051GFX,US06051GFX25,BAC,BAC,3.5,4/19/2026,0.67,FBNK,BANK,"1,414.92","1,415.04",9.1589,1.1764,98.8324,3.6506,3.6506,7.6773,7.7907,7.6773,123.5281,124,125.5506,0.6919,0.7093,0.8634,0.1866,0,1.0501
,2/17/2017,06053FAA,US06053FAA75,BAC,BAC,4.1,7/24/2023,0.67,FBNK,BANK,"1,131.94","1,181.84",6.4219,0.2961,104.1126,3.3824,3.3824,5.622,5.6875,5.622,120.9165,121,123.4353,0.368,0.375,0.1642,0.208,0,0.3723
,2/17/2017,06738EAC,US06738EAC93,BCS,BARC,4.3,9/11/2024,0,FBNK,BANK,"1,470.88","1,488.47",7.5562,1.9323,99.2637,4.4906,4.4906,6.248,6.3287,6.248,219.3997,219,222.7614,0.4673,0.4775,0.7043,0.2303,0,0.9346
,2/17/2017,06738EAE,US06738EAE59,BCS,BARC,3.6,3/16/2025,0.33,FBNK,BANK,"2,353.41","2,311.61",8.0658,1.5614,96.6626,4.1403,4.1403,6.7911,6.8902,6.7911,178.1199,178,180.5228,0.5438,0.557,0.3673,0.1972,0,0.5646
,2/17/2017,06738EAJ,US06738EAJ47,BCS,BARC,5.2,8/17/2045,0.33,FBNK,BANK,"1,765.06","1,855.47",28.4877,0.0437,105.0789,4.9167,4.9167,15.0327,15.3003,15.0327,187.3239,187,198.4377,3.2912,3.4084,-0.081,0.2578,0.0001,0.1768
,2/17/2017,06738EAN,US06738EAN58,BCS,BARC,4.3,1/12/2026,0.33,FBNK,BANK,"2,941.76","2,973.38",8.8932,0.4618,100.6131,4.2908,4.2908,7.279,7.3819,7.279,188.1991,188,191.7761,0.6291,0.6443,0.0724,0.2291,0,0.3016
,2/17/2017,06738EAP,US06738EAP07,BCS,BARC,5.2,5/12/2026,0,FBNK,BANK,"2,412.24","2,493.86",9.2219,1.4156,101.9679,4.9309,4.9309,7.188,7.2817,7.188,251.4102,251,256.3592,0.6321,0.6465,0.3571,0.2671,0,0.6242
,2/17/2017,06738EAV,US06738EAV74,BCS,BARC,4.9,1/10/2047,0.33,FBNK,BANK,"1,765.06","1,781.08",29.8877,0.55,100.3575,4.9267,4.9267,15.4608,15.6984,15.4608,189.8386,190,199.69,3.5266,3.6396,0.6923,0.2614,0,0.9537
,2/17/2017,084670BK,US084670BK32,BRKA,BRK,4.5,2/11/2043,2.33,FOTH,OTHF,"1,176.70","1,254.25",25.9753,0.1125,106.4773,4.0926,4.0926,15.5759,15.9849,15.5759,106.1997,106,113.3472,3.322,3.4819,0.5881,0.2203,0.0004,0.8085
,2/17/2017,09062XAE,US09062XAE31,BIIB,BIIB,3.6,9/15/2022,1,ISRV,PHRM,"1,176.70","1,232.98",5.5671,1.5608,103.2219,2.9923,2.9923,4.9528,5.0015,4.9528,95.6594,96,97.3599,0.2873,0.2921,0.1884,0.1833,0,0.3716
,2/17/2017,09247XAL,US09247XAL55,BLK,BLK,3.5,3/18/2024,2,FOTH,OTHF,"1,176.70","1,237.33",7.0712,1.4778,103.6744,2.9213,2.9213,6.168,6.2471,6.168,67.9371,68,69.707,0.4435,0.4527,0.665,0.1772,0,0.8422
,2/17/2017,12591DAC,US12591DAC56,CEO,CNOOC,4.2,4/30/2024,1.67,IEGY,OILI,"2,647.59","2,772.88",7.189,1.2986,103.4336,3.7013,3.7013,6.1028,6.1788,6.1028,144.7296,145,147.6309,0.4397,0.4491,0.2277,0.2265,0,0.4541
,2/17/2017,12625GAC,US12625GAC87,CEO,CNOOC,3,5/9/2023,1.67,IEGY,OILI,"2,353.41","2,325.96",6.2137,0.8417,97.9919,3.3599,3.3599,5.5724,5.6385,5.5724,121.4679,121,122.6508,0.3576,0.3646,1.0733,0.1622,0,1.2355
,2/17/2017,12634MAB,US12634MAB63,CEO,CNOOC,3.5,5/5/2025,1.67,IEGY,OILI,"2,353.41","2,340.92",8.2027,1.0208,98.4485,3.7205,3.7205,6.9928,7.0979,6.9928,134.7781,135,136.8664,0.5709,0.5854,1.0029,0.1879,0,1.1908
,2/17/2017,136385AL,US136385AL51,CNQ,CNQ,6.2,3/15/2038,0.67,IEGY,SOGP,"1,294.38","1,531.59",21.063,2.691,115.6359,5.0369,5.0369,12.0543,12.2621,12.0543,216.2663,216,227.8916,2.0596,2.125,-0.2023,0.279,0,0.0767
,2/17/2017,140420NB,US140420NB24,COF,COF,3.3,2/15/2023,0.33,FBNK,BANK,"1,418.97","1,420.65",5.9863,0.0469,100.0719,3.3616,3.3616,5.3775,5.437,5.3775,125.2719,125,126.8484,0.3325,0.3386,0.1845,0.1758,0.0002,0.3602
,2/17/2017,149123CB,US149123CB51,CAT,CAT,3.8,8/15/2042,1.33,IMAN,MACH,"2,020.91","1,954.78",25.4822,0.0528,96.6747,4.0125,4.0125,16.038,16.5198,16.038,98.411,98,103.2439,3.4413,3.626,0.3026,0.2047,0.0002,0.5073
,2/17/2017,14987BAE,US14987BAE39,CCI,CCI,3.8,4/15/2023,0.33,ISRV,TWER,"1,176.70","1,223.34",6.1479,1.3365,102.6267,3.3721,3.3721,5.3856,5.4463,5.3856,123.7144,124,125.8812,0.3398,0.3461,0.1136,0.196,0,0.3096
,2/17/2017,151020AH,US151020AH73,CELG,CELG,3.2,8/15/2022,0.67,ISRV,PHRM,"1,176.70","1,192.49",5.4822,0.0451,101.2966,2.9919,2.9919,4.9954,5.0441,4.9954,97.0681,97,98.3746,0.2868,0.2915,0.3021,0.1675,0.0002,0.4697
,2/17/2017,151020AR,US151020AR55,CELG,CELG,3.5,8/15/2022,0.67,ISRV,PHRM,"1,176.70","1,206.66",5.4822,0.0493,102.4965,3.0523,3.0523,4.9619,5.0097,4.9619,103.1026,103,104.7062,0.2841,0.2887,-0.1544,0.1798,0.0002,0.0254
,2/17/2017,15135UAF,US15135UAF66,CVE,CVE,6.7,11/15/2039,0.33,IEGY,OILI,"1,647.39","1,874.42",22.7342,1.7812,112,5.7929,5.7929,11.9785,12.1817,11.9785,281.8935,282,298.5659,2.107,2.1747,-0.8739,0.3113,0,-0.5626
,2/17/2017,17275RAD,US17275RAD44,CSCO,CSCO,5.9,2/15/2039,2,IMAN,TRON,"2,353.41","2,995.97",21.9863,0.0819,127.2213,4.023,4.023,13.4172,13.7168,13.4172,108.9687,109,119.0044,2.4388,2.5362,0.3477,0.2407,0.0002,0.5884
,2/17/2017,17275RAF,US17275RAF91,CSCO,CSCO,5.5,1/15/2040,2,IMAN,TRON,"2,353.41","2,895.01",22.9014,0.5347,122.4789,3.9929,3.9929,13.9192,14.2686,13.9192,101.1748,101,110.8543,2.6353,2.7532,0.6549,0.2381,0,0.893
,2/17/2017,17275RAN,US17275RAN26,CSCO,CSCO,3.6,3/4/2024,2,IMAN,TRON,"1,176.70","1,254.80",7.0329,1.6715,104.9656,2.8415,2.8415,6.1126,6.1901,6.1126,60.3599,60,62.2654,0.437,0.4464,0.156,0.18,0,0.336
,2/17/2017,172967BL,US172967BL44,C,C,6.6,6/15/2032,0.33,FBNK,BANK,842.5189,"1,031.19",15.3151,1.1962,121.1975,4.6714,4.6714,10.0581,10.1718,10.0581,205.85,206,213.0141,1.3347,1.363,-0.0391,0.2864,0,0.2473
,2/17/2017,172967EW,US172967EW71,C,C,8.1,7/15/2039,0.67,FBNK,BANK,"1,631.12","2,429.62",22.3973,0.7899,148.1648,4.6431,4.6431,12.3125,12.5269,12.3125,168.5797,169,184.63,2.1566,2.2267,0.3086,0.2896,0,0.5982
,2/17/2017,172967FX,US172967FX46,C,C,5.8,1/30/2042,0.67,FBNK,BANK,842.5189,"1,014.59",24.9425,0.3264,120.0965,4.5228,4.5228,14.0499,14.3581,14.0499,149.8117,150,161.8096,2.7834,2.8974,-0.0389,0.2717,0,0.2328
,2/17/2017,172967GT,US172967GT25,C,C,3.5,5/15/2023,0.33,FBNK,BANK,"1,053.15","1,066.26",6.2301,0.9236,100.3216,3.4416,3.4416,5.5123,5.5765,5.5123,129.3763,129,131.1704,0.3529,0.3596,0.916,0.1845,0,1.1005
,2/17/2017,172967HA,US172967HA25,C,C,6.6,9/13/2043,0.33,FBNK,BANK,842.5189,"1,099.34",26.5616,2.911,127.5718,4.8228,4.8228,13.64,13.8756,13.64,178.9371,179,193.0323,2.7627,2.8566,1.0628,0.2736,0,1.3364
,2/17/2017,172967HB,US172967HB08,C,C,5.5,9/13/2025,0.33,FBNK,BANK,"1,196.38","1,333.99",8.5616,2.3986,109.1042,4.2217,4.2217,6.7324,6.8234,6.7324,182.4218,182,187.5996,0.5561,0.569,0.0292,0.2611,0,0.2903
,2/17/2017,172967JC,US172967JC62,C,C,4.3,11/20/2026,0.33,FBNK,BANK,842.5189,856.8182,9.7479,1.075,100.6222,4.2208,4.2208,7.8235,7.9314,7.8235,178.3999,178,181.7842,0.734,0.7517,0.3165,0.2244,0,0.5408
,2/17/2017,172967JL,US172967JL61,C,C,3.8,3/26/2025,0.33,FBNK,BANK,842.5189,848.2927,8.0932,1.55,99.1353,4.0006,4.0006,6.7805,6.8787,6.7805,163.8737,164,166.588,0.5438,0.5571,0.832,0.2052,0,1.0373
,2/17/2017,172967JP,US172967JP75,C,C,3.3,4/27/2025,0.67,FBNK,BANK,"1,263.78","1,251.87",8.1808,1.0358,98.0216,3.5805,3.5805,7.0282,7.1349,7.0282,120.997,121,122.7369,0.5743,0.5889,0.6544,0.1773,0,0.8317
,2/17/2017,172967JT,US172967JT97,C,C,4.4,6/10/2025,0.33,FBNK,BANK,"2,106.30","2,171.14",8.3014,0.8556,102.2228,4.081,4.081,6.8657,6.9641,6.8657,170.0104,170,173.5758,0.5593,0.5729,0.8928,0.2278,0,1.1206
,2/17/2017,172967JU,US172967JU60,C,C,4.6,7/30/2045,0.67,FBNK,BANK,842.5189,882.5052,28.4384,0.2583,104.4877,4.3726,4.3726,15.9423,16.289,15.9423,132.9129,133,140.9859,3.6006,3.7517,1.4206,0.2508,0,1.6714
,2/17/2017,172967KA,US172967KA87,C,C,4.4,9/29/2027,0.33,FBNK,BANK,"2,948.82","3,037.25",10.6055,1.7429,101.2562,4.3008,4.3008,8.2633,8.3801,8.2633,181.6806,182,185.4514,0.8326,0.8532,0.167,0.2289,0,0.3959
,2/17/2017,172967KG,US172967KG57,C,C,3.7,1/12/2026,0.67,FBNK,BANK,"1,685.04","1,692.74",8.8932,0.3906,100.0667,3.6908,3.6908,7.4931,7.6042,7.4931,128.1925,128,130.5598,0.6557,0.6723,0.9108,0.1965,0,1.1074
,2/17/2017,172967KJ,US172967KJ96,C,C,4.6,3/9/2026,0.33,FBNK,BANK,"1,263.78","1,325.48",9.0466,2.0572,102.8251,4.221,4.221,7.2314,7.3313,7.2314,180.8225,181,184.6641,0.6334,0.6483,0.1378,0.2323,0,0.3701
,2/17/2017,172967KN,US172967KN09,C,C,3.4,5/1/2026,0.67,FBNK,BANK,"1,685.04","1,652.91",9.1918,1.0294,97.0639,3.7804,3.7804,7.7241,7.8386,7.7241,136.4329,136,138.3372,0.6986,0.7163,0.565,0.1843,0,0.7493
,2/17/2017,172967KR,US172967KR13,C,C,4.7,5/18/2046,0.33,FBNK,BANK,842.5189,840.5591,29.2384,1.2139,98.5535,4.8425,4.8425,15.4292,15.7046,15.4292,180.4523,180,189.9272,3.4941,3.6199,-0.1712,0.2515,0,0.0803
,2/17/2017,172967KU,US172967KU42,C,C,4.1,7/25/2028,0.33,FBNK,BANK,"1,263.78","1,248.61",11.4247,0.2865,98.513,4.2907,4.2907,8.989,9.1215,8.989,177.0098,177,180.3651,0.9714,0.9965,0.4613,0.2219,0,0.6832
,2/17/2017,191216BE,US191216BE91,KO,KO,3.2,11/1/2023,2,ICON,BEVG,"1,765.06","1,843.29",6.6959,0.9689,103.4634,2.6321,2.6321,5.96,6.0351,5.96,42.8429,43,44.1854,0.4097,0.4184,0.2341,0.1624,0,0.3965
,2/17/2017,191216BS,US191216BS87,KO,KO,2.8,10/27/2025,2,ICON,BEVG,"2,059.23","2,058.11",8.6822,0.9024,99.0432,3.0006,3.0006,7.5602,7.6801,7.5602,59.8107,60,60.7173,0.6574,0.6749,0.3907,0.1526,0,0.5434
,2/17/2017,191216BZ,US191216BZ21,KO,KO,2.2,9/1/2026,2,ICON,BEVG,"1,176.70","1,108.99",9.5288,1.0562,93.1889,3.0801,3.0801,8.3655,8.4986,8.3655,65.2947,65,65.155,0.7975,0.819,0.2945,0.1265,0,0.421
,2/17/2017,20030NAK,US20030NAK72,CMCSA,CMCSA,6.5,11/15/2035,1,ISRV,CBLE,"1,176.70","1,519.91",18.7342,1.7153,127.4511,4.3431,4.3431,11.6005,11.7694,11.6005,159.2524,159,167.8753,1.825,1.8739,-0.8673,0.264,0,-0.6033
,2/17/2017,20030NAM,US20030NAM39,CMCSA,CMCSA,6.4,3/15/2037,1,ISRV,CBLE,"2,176.90","2,823.67",20.063,2.7771,126.9332,4.413,4.413,11.9917,12.1872,11.9917,159.7068,160,169.4549,1.9916,2.0512,0.0727,0.2633,0,0.3361
,2/17/2017,20030NAV,US20030NAV38,CMCSA,CMCSA,6.9,8/15/2037,1,ISRV,CBLE,"2,353.41","3,143.78",20.4822,0.0965,133.4874,4.4431,4.4431,12.2019,12.3999,12.2019,160.4188,160,171.4457,2.0412,2.1022,0.185,0.2691,0.0002,0.454
,2/17/2017,20030NAX,US20030NAX93,CMCSA,CMCSA,6.4,5/15/2038,1,ISRV,CBLE,"1,176.70","1,510.94",21.2301,1.6889,126.7155,4.4429,4.4429,12.5177,12.7499,12.5177,155.8226,156,166.8417,2.1737,2.2473,0.582,0.2653,0,0.8473
,2/17/2017,20030NBB,US20030NBB64,CMCSA,CMCSA,6.4,3/1/2040,1,ISRV,CBLE,"1,176.70","1,541.97",23.0247,3.0044,128.0372,4.4429,4.4429,12.9964,13.2784,12.9964,145.6537,146,158.5024,2.4034,2.4985,0.3494,0.2593,0,0.6087
,2/17/2017,20030NBE,US20030NBE04,CMCSA,CMCSA,4.6,7/15/2042,1,ISRV,CBLE,"1,470.88","1,530.49",25.3973,0.4521,103.6006,4.4126,4.4126,14.9548,15.3341,14.9548,138.4726,138,146.9401,3.0979,3.2422,0.8796,0.2385,0,1.1181
,2/17/2017,20030NBH,US20030NBH35,CMCSA,CMCSA,4.2,1/15/2033,1,ISRV,CBLE,"2,000.40","2,056.91",15.9014,0.4132,102.4117,4.0426,4.0426,11.4974,11.6653,11.4974,140.9978,141,144.6107,1.653,1.6964,0.442,0.2196,0,0.6616
,2/17/2017,20030NBJ,US20030NBJ90,CMCSA,CMCSA,3.6,3/1/2024,1,ISRV,CBLE,"1,412.05","1,473.79",7.0247,1.69,102.6829,3.1711,3.1711,6.0879,6.165,6.0879,93.4079,93,95.3401,0.434,0.4433,0.0477,0.1825,0,0.2302
,2/17/2017,20030NBK,US20030NBK63,CMCSA,CMCSA,4.7,3/1/2044,1,ISRV,CBLE,"1,176.70","1,269.09",27.0247,2.2299,105.6212,4.3926,4.3926,15.157,15.5054,15.157,135.635,136,144.139,3.2849,3.4277,0.7411,0.2347,0,0.9759
,2/17/2017,208251AE,US208251AE82,COP,COP,6.9,4/15/2029,1,IEGY,OILI,"1,822.85","2,371.75",12.1479,2.4132,127.699,4.042,4.042,8.5424,8.6468,8.5424,150.0098,150,157.032,0.9384,0.9593,0.3598,0.2837,0,0.6435
,2/17/2017,20825CAQ,US20825CAQ78,COP,COP,6.5,2/1/2039,1,IEGY,OILI,"3,235.94","4,073.75",21.9479,0.3431,125.5478,4.6329,4.6329,12.7392,12.9874,12.7392,170.2159,170,182.7103,2.2559,2.3363,-0.046,0.2671,0.0009,0.2211
,2/17/2017,21036PAL,US21036PAL22,STZ,STZ,4.2,5/1/2023,0,ICON,BEVG,"1,235.54","1,305.49",6.1918,1.2868,104.375,3.4588,3.4588,5.3718,5.4319,5.3718,131.7018,132,134.3497,0.3398,0.346,-0.1184,0.2125,0,0.0941
,2/17/2017,21684AAA,US21684AAA43,RBNL,RABO,4.6,12/1/2023,0.67,FBNK,BANK,"2,059.23","2,189.24",6.7781,1.0149,105.2982,3.7325,3.7325,5.7618,5.8299,5.7618,152.0103,152,155.2963,0.3926,0.4005,-0.3085,0.2294,0,-0.0791
,2/17/2017,21684AAB,US21684AAB26,RBNL,RABO,5.7,12/1/2043,0.67,FBNK,BANK,"1,470.88","1,709.23",26.7781,1.2618,114.9425,4.7568,4.7568,14.3259,14.6004,14.3259,172.2267,172,184.2109,2.9797,3.0907,-0.95,0.2594,0,-0.6907
,2/17/2017,21684AAC,US21684AAC09,RBNL,RABO,4.3,8/4/2025,0.67,FBNK,BANK,"1,765.06","1,792.64",8.4521,0.1944,101.3685,4.1809,4.1809,7.0089,7.1098,7.0089,178.9311,179,182.4921,0.5799,0.5938,-0.5569,0.2224,0.0006,-0.3344
,2/17/2017,21684AAD,US21684AAD81,RBNL,RABO,5.2,8/4/2045,0.67,FBNK,BANK,"1,470.88","1,577.19",28.4521,0.2333,106.9941,4.7968,4.7968,15.1214,15.3986,15.1214,175.3262,175,186.0894,3.3204,3.4415,-0.9727,0.2511,0.0007,-0.7216
,2/17/2017,21684AAF,US21684AAF30,RBNL,RABO,3.7,7/21/2026,0.67,FBNK,BANK,"1,765.06","1,703.70",9.4137,0.3021,96.2216,4.2404,4.2404,7.7992,7.9105,7.7992,181.7341,182,184.3038,0.7149,0.7322,-0.9168,0.2036,0,-0.7132
,2/17/2017,21685WCJ,US21685WCJ45,RBNL,RABO,5.2,5/24/2041,1.67,FBNK,BANK,"1,765.06","2,065.34",24.2548,1.2542,115.7586,4.2069,4.2069,14.2862,14.6483,14.2862,119.0017,119,128.7289,2.8304,2.9604,0.7679,0.2392,0,1.0071
,2/17/2017,21685WDF,US21685WDF14,RBNL,RABO,3.9,11/9/2022,0.67,FBNK,BANK,"1,765.06","1,823.36",5.7178,1.1082,102.1951,3.5221,3.5221,5.0394,5.0904,5.0394,145.9978,146,148.146,0.2976,0.3025,-0.2061,0.2018,0,-0.0043
,2/17/2017,21688AAE,US21688AAE29,RBNL,RABO,3.3,5/21/2025,1.67,FBNK,BANK,"1,176.70","1,192.75",8.2466,0.8344,100.5288,3.3008,3.3008,7.0991,7.2075,7.0991,92.3665,92,94.156,0.5849,0.5999,-0.1422,0.1758,0,0.0336
,2/17/2017,225433AC,US225433AC55,CS,CSGN,3.7,3/26/2025,0.67,FBNK,BANK,"2,806.71","2,751.48",8.0932,1.5,96.5323,4.2603,4.2603,6.786,6.8847,6.786,189.8399,190,192.4357,0.544,0.5573,-0.3842,0.2015,0,-0.1826
,2/17/2017,225433AF,US225433AF86,CS,CSGN,4.8,5/15/2045,0.67,FBNK,BANK,"2,264.76","2,310.51",28.2301,1.2865,100.7336,4.8267,4.8267,15.1073,15.4021,15.1073,178.332,178,188.3409,3.3269,3.4547,0.0707,0.253,0,0.3237
,2/17/2017,225433AH,US225433AH43,CS,CSGN,3.8,9/15/2022,0.67,FBNK,BANK,"2,351.67","2,412.26",5.5671,1.6361,100.9401,3.6117,3.6117,4.9058,4.9536,4.9058,157.5993,158,159.542,0.2832,0.2877,0.0578,0.196,0,0.2538
,2/17/2017,225433AR,US225433AR25,CS,CSGN,4.5,4/17/2026,0.67,FBNK,BANK,"2,332.86","2,417.63",9.1534,1.5419,102.0919,4.2709,4.2709,7.3418,7.4446,7.3418,185.5723,186,189.2436,0.6497,0.6654,-0.5216,0.231,0,-0.2905
,2/17/2017,225433AT,US225433AT80,CS,CSGN,3.8,6/9/2023,0.67,FBNK,BANK,"2,348.39","2,358.94",6.2986,0.7389,99.7102,3.8515,3.8515,5.5162,5.5801,5.5162,169.4592,169,171.6881,0.3547,0.3614,0.186,0.2004,0,0.3864
,2/17/2017,22546QAP,US22546QAP28,CS,CSGN,3.6,9/9/2024,1.33,FBNK,BANK,"3,530.11","3,609.17",7.5507,1.6212,100.6183,3.5308,3.5308,6.4583,6.5457,6.4583,123.4924,123,125.6017,0.4895,0.5004,0.3918,0.1882,0,0.58
,2/17/2017,228227BD,US228227BD57,CCI,CCI,5.2,1/15/2023,0,ISRV,TWER,"1,941.41","2,116.34",5.9014,0.5104,108.5,3.6362,3.6362,5.0722,5.1231,5.0722,154.1992,154,157.767,0.3047,0.3097,-0.4577,0.2537,0,-0.2041
,2/17/2017,233835AQ,US233835AQ08,DCX,DAIG,8.5,1/18/2031,1.33,IMAN,AUTO,"1,765.06","2,675.06",13.9096,0.7556,150.8012,3.7724,3.7724,9.2657,9.364,9.2657,119.7447,120,127.7639,1.1225,1.1449,0.6471,0.2988,0,0.9459
,2/17/2017,24422ETG,US24422ETG43,DE,DE,2.8,3/6/2023,1.33,IMAN,MACH,"1,176.70","1,187.72",6.0384,1.2756,99.6605,2.8614,2.8614,5.4532,5.5159,5.4532,74.3254,74,75.1988,0.3428,0.3492,-0.4104,0.146,0,-0.2644
,2/17/2017,25152RXA,US25152RXA66,DB,DBKG,3.7,5/30/2024,0.67,FBNK,BANK,"1,852.60","1,805.64",7.2712,0.8222,96.6428,4.2402,4.2402,6.2438,6.3242,6.2438,197.7208,198,200.0399,0.4554,0.4654,0.4038,0.2122,0,0.616
,2/17/2017,25179SAD,US25179SAD27,DVN,DVN,7.8,9/30/2031,0.33,IEGY,SOGP,"1,245.72","1,644.12",14.6082,3.0625,128.9191,5.0516,5.0516,9.1916,9.2837,9.1916,245.9629,246,254.6191,1.1471,1.1691,0.5982,0.3346,0,0.9328
,2/17/2017,25466AAD,US25466AAD37,DFS,DFS,4.2,8/8/2023,0.33,FBNK,BANK,"1,176.70","1,233.10",6.463,0.14,104.6526,3.3925,3.3925,5.6467,5.7125,5.6467,121.4186,121,124.0575,0.3712,0.3784,0.6068,0.2095,0.0005,0.8164
,2/17/2017,25468PCW,US25468PCW41,DIS,DIS,2.3,12/1/2022,1.33,ISRV,CBLE,"1,176.70","1,170.10",5.7781,0.5157,98.9229,2.5512,2.5512,5.3411,5.3999,5.3411,47.8437,48,48.1949,0.3243,0.3301,-0.0276,0.1248,0,0.0972
,2/17/2017,25468PDB,US25468PDB94,DIS,DIS,4.1,6/1/2044,1.33,ISRV,CBLE,"1,176.70","1,211.08",27.2767,0.9052,102.0161,4.0026,4.0026,16.2628,16.6919,16.2628,96.4707,96,102.2054,3.6476,3.8256,-0.0212,0.2119,0,0.1908
,2/17/2017,25468PDK,US25468PDK93,DIS,DIS,3,2/13/2026,1.33,ISRV,CBLE,"1,176.70","1,168.16",8.9808,0.0583,99.2157,3.1007,3.1007,7.8082,7.9291,7.8082,68.9645,69,70.0622,0.6982,0.7165,0.396,0.1582,0.0002,0.5542
,2/17/2017,25468PDM,US25468PDM59,DIS,DIS,1.8,7/30/2026,1.33,ISRV,CBLE,"1,176.70","1,055.60",9.4384,0.1028,89.6054,3.1297,3.1297,8.5131,8.6523,8.5131,70.581,71,69.7809,0.8093,0.8315,0.4058,0.1152,0,0.521
,2/17/2017,260543BJ,US260543BJ10,DOW,DOW,7.3,11/1/2029,0.33,IMAN,CHEM,"1,176.70","1,603.36",12.6959,2.233,134.0258,3.9422,3.9422,8.7663,8.869,8.7663,138.9241,139,146.24,0.9951,1.0166,0.4501,0.2878,0,0.7378
,2/17/2017,263534CK,US263534CK37,DD,DD,2.8,2/15/2023,1,IMAN,CHEM,"1,470.88","1,457.72",5.9863,0.0389,99.0665,2.9713,2.9713,5.4671,5.5291,5.4671,86.2475,86,87.1281,0.3405,0.3469,0.1339,0.1476,0.0001,0.2815
,2/17/2017,278062AC,US278062AC86,ETN,ETN,2.7,11/2/2022,1,IMAN,CONG,"1,882.73","1,896.10",5.6986,0.825,99.8852,2.7715,2.7715,5.1997,5.2547,5.1997,71.2805,71,72.0897,0.3104,0.3158,0.2276,0.1447,0,0.3722
,2/17/2017,279158AC,US279158AC30,ECOP,ECO,5.8,9/18/2023,0.33,IEGY,OILI,"2,118.07","2,340.05",6.5753,2.4806,108,4.4576,4.4576,5.352,5.4103,5.352,226.6662,227,231.4633,0.3497,0.3562,1.1476,0.2847,0,1.4323
,2/17/2017,279158AJ,US279158AJ82,ECOP,ECO,5.8,5/28/2045,0.33,IEGY,OILI,"2,353.41","2,155.45",28.2658,1.3382,90.25,6.6429,6.6429,12.7913,12.9171,12.7913,359.9535,360,378.1991,2.5844,2.6422,2.5273,0.3483,0,2.8756
,2/17/2017,279158AK,US279158AK55,ECOP,ECO,4.1,1/16/2025,0.33,IEGY,OILI,"1,412.05","1,361.07",7.9041,0.3896,96,4.7369,4.7369,6.6155,6.7068,6.6155,239.6885,240,242.921,0.5152,0.5273,1.5844,0.23,0,1.8144
,2/17/2017,28368EAE,US28368EAE68,KMI,KMI,7.7,1/15/2032,0,IEGY,GSPL,"1,182.83","1,501.56",14.9014,0.7535,126.1933,5.2016,5.2016,9.4602,9.5547,9.4602,260.1395,260,268.8932,1.1989,1.2219,0.9999,0.3265,0,1.3264
,2/17/2017,29082HAA,US29082HAA05,EMBR,EMBRC,5,6/15/2025,0.33,IMAN,AERO,"1,176.70","1,214.55",8.3151,0.9118,102.3042,4.711,4.711,6.697,6.7889,6.697,232.9124,233,237.6362,0.54,0.5527,2.1671,0.2645,0,2.4316
,2/17/2017,316773CH,US316773CH12,FITB,FITB,8.2,3/1/2038,0.33,FBNK,BANK,"1,176.70","1,698.34",21.0247,3.8729,140.4573,5.0931,5.0931,11.3259,11.4863,11.3259,222.1296,222,237.096,1.8676,1.9177,0.5179,0.3042,0,0.8221
,2/17/2017,337932AC,US337932AC13,FE,FE,7.3,11/15/2031,0,UELC,ELEC,"1,765.06","2,341.21",14.7342,1.9462,130.6962,4.5017,4.5017,9.6024,9.7057,9.6024,190.6385,191,198.2958,1.2243,1.2492,0.3296,0.2953,0,0.6249
,2/17/2017,341099CL,US341099CL11,DUK,DUK,6.4,6/15/2038,1.33,UELC,ELEC,"1,176.70","1,569.83",21.3151,1.1556,132.2535,4.113,4.113,12.7995,13.0484,12.7995,122.2886,122,132.7959,2.2454,2.3245,-0.696,0.2521,0,-0.444
,2/17/2017,345370CA,US345370CA64,F,F,7.4,7/16/2031,0.33,IMAN,AUTO,"2,110.46","2,643.74",14.4,0.7036,124.5648,5.0316,5.0316,9.3752,9.472,9.3752,244.4999,244,252.6598,1.1636,1.1864,-0.5199,0.3132,0,-0.2066
,2/17/2017,345370CQ,US345370CQ17,F,F,4.7,1/15/2043,0.33,IMAN,AUTO,"2,353.41","2,229.54",25.9014,0.4618,94.2749,5.1525,5.1525,14.3879,14.6985,14.3879,212.2206,212,222.8986,2.9578,3.0791,0.7108,0.2672,0,0.978
,2/17/2017,345397WF,US345397WF64,F,F,4.2,9/20/2022,0.33,IMAN,AUTO,"1,176.70","1,247.22",5.5808,1.7708,104.222,3.4126,3.4126,4.8759,4.9229,4.8759,137.4402,137,139.8049,0.2814,0.2859,0.5798,0.2133,0,0.7931
,2/17/2017,345397WK,US345397WK59,F,F,4.3,8/6/2023,0.33,IMAN,AUTO,"1,176.70","1,227.92",6.4575,0.1701,104.1827,3.6424,3.6424,5.6054,5.6701,5.6054,146.4817,146,149.3686,0.3671,0.374,0.6603,0.2192,0.0006,0.8795
,2/17/2017,345397XL,US345397XL24,F,F,4.1,8/4/2025,0.33,IMAN,AUTO,"1,647.39","1,654.27",8.4521,0.1837,100.2343,4.1007,4.1007,7.0654,7.1686,7.0654,170.9065,171,174.081,0.5865,0.601,0.5601,0.2152,0.0006,0.7753
,2/17/2017,345397XU,US345397XU23,F,F,4.3,1/8/2026,0.33,IMAN,AUTO,"1,412.05","1,440.84",8.8822,0.5121,101.5268,4.1809,4.1809,7.2759,7.379,7.2759,177.2365,177,180.7984,0.6285,0.6438,0.8766,0.2295,0,1.1062
,2/17/2017,345397XZ,US345397XZ10,F,F,3,5/4/2023,0.33,IMAN,AUTO,"1,176.70","1,155.25",6.2,0.9116,97.2655,3.5909,3.5909,5.5335,5.5986,5.5335,144.7798,145,146.1072,0.3537,0.3604,0.4397,0.1674,0,0.6071
,2/17/2017,36164Q6M,US36164Q6M56,GE,GE,3.3,11/15/2025,2,FIND,IFIN,"1,329.28","1,375.73",8.7342,0.8901,102.6044,3.031,3.031,7.4783,7.5935,7.4783,62.6431,63,64.3369,0.6495,0.6664,0.5935,0.1733,0,0.7668
,2/17/2017,36164QNA,US36164QNA21,GE,GE,4.4,11/15/2035,2,FIND,IFIN,"7,758.02","8,248.96",18.7342,1.1659,105.1623,4.0227,4.0227,12.6985,12.9296,12.6985,127.211,127,131.9757,2.0889,2.1563,0.2309,0.2203,0,0.4512
,2/17/2017,369604BD,US369604BD45,GE,GE,2.7,10/9/2022,2,IMAN,CONG,"2,040.42","2,077.29",5.6329,0.9825,100.8246,2.5417,2.5417,5.1523,5.206,5.1523,49.4262,49,50.1603,0.305,0.3102,0.4781,0.1408,0,0.6189
,2/17/2017,369604BF,US369604BF92,GE,GE,4.1,10/9/2042,2,IMAN,CONG,"1,360.28","1,407.19",25.6329,1.501,101.9473,4.0026,4.0026,15.6104,16.0548,15.6104,97.3479,97,103.205,3.3355,3.5068,0.6082,0.2122,0,0.8204
,2/17/2017,369604BH,US369604BH58,GE,GE,4.5,3/11/2044,2,IMAN,CONG,"1,530.31","1,675.21",27.0521,1.9875,107.4809,4.0426,4.0426,15.7091,16.1037,15.7091,100.6201,101,107.5237,3.4623,3.6242,0.2913,0.2181,0,0.5093
,2/17/2017,36962G3P,US36962G3P70,GE,GE,5.8,1/14/2038,2,IMAN,CONG,"1,998.07","2,526.16",20.8986,0.5875,125.8428,4.033,4.033,12.9561,13.2101,12.9561,116.934,117,125.8569,2.2624,2.3422,0.2089,0.2464,0,0.4552
,2/17/2017,36962G4B,US36962G4B75,GE,GE,6.8,1/10/2039,2,IMAN,CONG,"1,374.33","1,956.64",21.8877,0.7639,141.6066,4.0031,4.0031,12.9385,13.1992,12.9385,107.6082,108,119.4593,2.3043,2.3885,0.5873,0.257,0,0.8443
,2/17/2017,36962G6F,US36962G6F61,GE,GE,3.1,9/7/2022,2,IMAN,CONG,738.3723,768.1262,5.5452,1.4263,102.6034,2.6422,2.6422,5.0032,5.0531,5.0032,61.035,61,62.2235,0.2908,0.2956,0.2029,0.1604,0,0.3633
,2/17/2017,36962G6S,US36962G6S82,GE,GE,3.1,1/9/2023,2,IMAN,CONG,896.1409,925.4649,5.8849,0.3531,102.9192,2.5622,2.5622,5.3473,5.4059,5.3473,47.0913,47,48.2676,0.328,0.3338,1.0832,0.1604,0,1.2436
,2/17/2017,36962GXZ,US36962GXZ26,GE,GE,6.7,3/15/2032,2,IMAN,CONG,"2,019.38","2,775.69",15.063,2.9062,134.5464,3.7317,3.7317,10.078,10.1972,10.078,112.6572,113,119.0282,1.3346,1.3639,-0.0622,0.2597,0,0.1975
,2/17/2017,37045VAE,US37045VAE02,GM,GM,4.8,10/2/2023,0.33,IMAN,AUTO,"1,763.40","1,913.42",6.6137,1.8688,106.6386,3.7327,3.7327,5.566,5.63,5.566,153.7601,154,157.2935,0.3704,0.3773,0.5355,0.239,0,0.7745
,2/17/2017,37045VAF,US37045VAF76,GM,GM,6.2,10/2/2043,0.33,IMAN,AUTO,"1,765.00","2,006.28",26.6137,2.3958,111.2741,5.4426,5.4426,13.3079,13.5173,13.3079,240.8974,241,256.0132,2.67,2.7546,0.6463,0.2929,0,0.9392
,2/17/2017,37045VAJ,US37045VAJ98,GM,GM,5.2,4/1/2045,0.33,IMAN,AUTO,"1,470.88","1,486.91",28.1096,2.0078,99.0818,5.2625,5.2625,14.338,14.582,14.338,221.9503,222,234.0934,3.0787,3.1845,1.4302,0.2761,0,1.7063
,2/17/2017,373334JW,US373334JW27,SO,GPE,4.3,3/15/2042,1,UELC,ELEC,"1,294.38","1,339.75",25.063,1.8514,101.6544,4.1926,4.1926,15.0681,15.4881,15.0681,116.6874,117,123.5865,3.1347,3.2921,-0.3197,0.219,0,-0.1006
,2/17/2017,377372AE,US377372AE71,GSK,GSK,6.3,5/15/2038,1.67,ISRV,PHRM,"3,235.94","4,314.63",21.2301,1.6823,131.6523,4.123,4.123,12.7218,12.967,12.7218,123.8292,124,134.2107,2.2254,2.3031,0.2019,0.2535,0,0.4554
,2/17/2017,377372AH,US377372AH03,GSK,GSK,2.8,3/18/2023,1.67,ISRV,PHRM,"1,470.88","1,488.95",6.0712,1.1822,100.0459,2.7915,2.7915,5.4892,5.5529,5.4892,66.8184,67,67.6875,0.3469,0.3534,-0.085,0.1461,0,0.0611
,2/17/2017,38141GCU,US38141GCU67,GS,GS,6.1,2/15/2033,0.67,FBNK,BANK,"2,187.99","2,644.31",15.9863,0.0851,120.7708,4.3132,4.3132,10.7216,10.854,10.7216,167.7512,168,174.2058,1.4926,1.5268,1.1074,0.2647,0.0002,1.3721
,2/17/2017,38141GES,US38141GES93,GS,GS,5.9,1/15/2027,0,FBNK,BANK,931.0593,"1,069.58",9.9014,0.5785,114.2993,4.1719,4.1719,7.5971,7.6927,7.5971,172.6766,173,178.2725,0.7084,0.7242,0.4047,0.2752,0,0.6799
,2/17/2017,38141GFD,US38141GFD16,GS,GS,6.7,10/1/2037,0,FBNK,BANK,"5,162.72","6,548.48",20.611,2.6063,124.2354,4.8729,4.8729,11.84,12.0284,11.84,202.654,203,214.2827,1.9785,2.0369,1.1508,0.2849,0,1.4357
,2/17/2017,38141GGM,US38141GGM06,GS,GS,6.2,2/1/2041,0.67,FBNK,BANK,"2,327.65","2,895.90",23.9479,0.3299,124.0833,4.5829,4.5829,13.5251,13.8179,13.5251,157.1186,157,170.2221,2.5749,2.6779,-0.4387,0.259,0.0008,-0.1797
,2/17/2017,38141GRD,US38141GRD87,GS,GS,3.6,1/22/2023,0.67,FBNK,BANK,"2,094.88","2,148.20",5.9205,0.2819,102.2632,3.2021,3.2021,5.2912,5.3483,5.2912,110.4423,110,112.2681,0.3237,0.3295,0.3788,0.1876,0,0.5665
,2/17/2017,38141GVM,US38141GVM31,GS,GS,4,3/3/2024,0.67,FBNK,BANK,"2,793.18","2,936.48",7.0301,1.8556,103.2748,3.4712,3.4712,6.0045,6.079,6.0045,123.3594,123,125.8543,0.4259,0.4346,0.2252,0.2017,0,0.4269
,2/17/2017,38141GVR,US38141GVR28,GS,GS,4.2,10/21/2025,0,FBNK,BANK,"1,862.12","1,917.80",8.6658,1.4049,101.5851,4.0309,4.0309,7.1119,7.2149,7.1119,162.9062,163,166.2398,0.6029,0.6178,0.5703,0.2195,0,0.7898
,2/17/2017,38143YAC,US38143YAC75,GS,GS,6.4,5/1/2036,0,FBNK,BANK,"1,396.59","1,702.23",19.1918,1.9529,119.9322,4.8429,4.8429,11.5239,11.6904,11.5239,207.0666,207,216.6929,1.8325,1.8816,1.4694,0.2842,0,1.7536
,2/17/2017,38148LAF,US38148LAF31,GS,GS,5.1,5/22/2045,0,FBNK,BANK,"1,862.12","1,978.95",28.2493,1.2589,105.0151,4.8226,4.8226,14.9585,15.2393,14.9585,177.9205,178,188.5835,3.2732,3.3948,1.485,0.2602,0,1.7452
,2/17/2017,404119BN,US404119BN87,HCA,HCA,5,3/15/2024,0,ISRV,HLCF,"2,353.41","2,507.04",7.063,2.1528,104.375,4.2758,4.2758,5.8213,5.89,5.8213,203.476,203,207.3891,0.4086,0.4168,0.3541,0.2492,0,0.6034
,2/17/2017,404119BQ,US404119BQ19,HCA,HCA,5.2,4/15/2025,0,ISRV,HLCF,"1,647.39","1,768.02",8.1479,1.8229,105.5,4.4377,4.4377,6.5224,6.6102,6.5224,207.0565,207,211.9039,0.5167,0.5284,0.2341,0.2595,0,0.4935
,2/17/2017,404121AF,US404121AF27,HCA,HCA,4.7,5/1/2023,0,ISRV,HLCF,"1,470.88","1,550.87",6.1918,1.4382,104,4.0135,4.0135,5.2795,5.3371,5.2795,187.1689,187,190.468,0.3314,0.3375,0.3578,0.2392,0,0.597
,2/17/2017,404280AG,US404280AG49,HBC,HSBA,6.5,5/2/2036,0.67,FBNK,BANK,"2,045.57","2,536.70",19.1945,1.95,122.0593,4.7371,4.7371,11.5617,11.7299,11.5617,196.4682,196,206.0181,1.8409,1.8905,0.2557,0.2781,0,0.5338
,2/17/2017,404280AH,US404280AH22,HBC,HSBA,6.5,9/15/2037,0.67,FBNK,BANK,"2,556.96","3,193.79",20.5671,2.7986,122.1069,4.797,4.797,11.9326,12.1279,11.9326,195.3224,195,206.3301,2.0027,2.0632,-0.2092,0.2748,0,0.0657
,2/17/2017,404280AJ,US404280AJ87,HBC,HSBA,6.8,6/1/2038,0.67,FBNK,BANK,"1,534.18","1,956.74",21.2767,1.4922,126.0507,4.8271,4.8271,12.178,12.3866,12.178,193.9458,194,206.492,2.0856,2.1517,-0.0962,0.2819,0,0.1857
,2/17/2017,404280AP,US404280AP48,HBC,HSBA,4.2,3/14/2024,0.67,FBNK,BANK,"2,045.57","2,116.80",7.0603,1.8417,101.6407,3.981,3.981,5.9586,6.0316,5.9586,174.0166,174,176.9419,0.4219,0.4305,0.7168,0.2188,0,0.9355
,2/17/2017,404280AQ,US404280AQ21,HBC,HSBA,5.2,3/14/2044,0.67,FBNK,BANK,"1,534.18","1,676.24",27.0603,2.275,106.9849,4.7867,4.7867,14.4923,14.7818,14.4923,175.0248,175,185.8997,3.0701,3.189,0.6468,0.2559,0,0.9027
,2/17/2017,404280AU,US404280AU33,HBC,HSBA,4.2,8/18/2025,0.67,FBNK,BANK,"1,534.18","1,539.88",8.4904,0.0236,100.3481,4.2008,4.2008,7.0707,7.1733,7.0707,180.6412,181,184.0165,0.5881,0.6024,0.2822,0.22,0.0001,0.5022
,2/17/2017,404280AW,US404280AW98,HBC,HSBA,4.3,3/8/2026,1.33,FBNK,BANK,"3,068.36","3,239.22",9.0438,1.935,103.6336,3.8211,3.8211,7.3432,7.4471,7.3432,140.8373,141,144.1053,0.6473,0.663,0.6547,0.2168,0,0.8716
,2/17/2017,404280BA,US404280BA69,HBC,HSBA,3.6,5/25/2023,1.33,FBNK,BANK,"2,045.57","2,092.51",6.2575,0.85,101.4446,3.3418,3.3418,5.5306,5.595,5.5306,119.003,119,120.9058,0.3554,0.3622,0.621,0.1872,0,0.8083
,2/17/2017,404280BB,US404280BB43,HBC,HSBA,3.9,5/25/2026,1.33,FBNK,BANK,"2,556.96","2,590.12",9.2575,0.9208,100.3759,3.8508,3.8508,7.6491,7.7586,7.6491,143.2975,143,145.9725,0.6915,0.7085,0.4647,0.2046,0,0.6693
,2/17/2017,404280BH,US404280BH13,HBC,HSBA,4.3,11/23/2026,0.67,FBNK,BANK,"1,534.18","1,553.24",9.7562,1.0573,100.1853,4.3507,4.3507,7.7962,7.903,7.7962,191.3506,191,194.8964,0.7306,0.748,-0.1537,0.2282,0,0.0745
,2/17/2017,4042Q1AA,US4042Q1AA55,HBC,HSBA,5.8,11/1/2034,1.33,FBNK,BANK,"1,022.79","1,214.95",17.6959,1.7788,117.0098,4.4729,4.4729,11.3341,11.4924,11.3341,176.8905,177,184.074,1.7173,1.7614,0.2995,0.2625,0,0.562
,2/17/2017,406216AY,US406216AY74,HAL,HAL,7.4,9/15/2039,0.67,IEGY,OILS,"1,176.70","1,624.77",22.5671,3.2076,134.87,4.8829,4.8829,12.189,12.4089,12.189,191.6947,192,207.3272,2.1564,2.2289,-0.2905,0.2847,0,-0.0057
,2/17/2017,42809HAD,US42809HAD98,HES,HES,5.6,2/15/2041,0,IEGY,OILI,"1,470.88","1,496.87",23.9863,0.0778,101.6891,5.4726,5.4726,13.1951,13.4645,13.1951,246.0149,246,259.8476,2.4909,2.5864,-1.5561,0.2793,0.0003,-1.2768
,2/17/2017,428236BR,US428236BR31,HPQ,HPQ,6,9/15/2041,0.33,IMAN,TRON,"1,412.05","1,473.56",24.5671,2.5833,101.7727,5.8625,5.8625,12.5551,12.7749,12.5551,284.162,284,300.1706,2.3645,2.4448,1.1246,0.3078,0,1.4324
,2/17/2017,437076AS,US437076AS19,HD,HD,5.8,12/16/2036,1.33,ISRV,RETL,"3,530.11","4,498.75",19.8192,1.0444,126.3947,3.943,3.943,12.5317,12.7519,12.5317,114.0026,114,121.8881,2.1008,2.1674,1.4629,0.2475,0,1.7104
,2/17/2017,44266RAC,US44266RAC16,HHUMD,HHUMD,3.5,9/1/2023,3.33,ISRV,HLCF,"1,412.05","1,503.98",6.5288,1.6431,104.8673,2.6824,2.6824,5.7447,5.8146,5.7447,49.6509,50,51.3533,0.385,0.3929,-0.1324,0.1735,0,0.0411
,2/17/2017,458140AK,US458140AK64,INTC,INTC,4.8,10/1/2041,1.67,IMAN,INFO,"1,765.06","1,981.48",24.611,1.8533,110.4079,4.1227,4.1227,14.6513,15.0436,14.6513,110.1284,110,118.3878,2.9721,3.1157,0.5613,0.2274,0,0.7887
,2/17/2017,458140AM,US458140AM21,INTC,INTC,2.7,12/15/2022,1.67,IMAN,INFO,"1,765.06","1,785.79",5.8164,0.4875,100.6874,2.5717,2.5717,5.3321,5.3905,5.3321,49.2063,49,49.9445,0.3248,0.3305,0.0642,0.1411,0,0.2053
,2/17/2017,459200HF,US459200HF10,IBM,IBM,4,6/20/2042,2,IMAN,TRON,"1,302.98","1,300.83",25.3288,0.6667,99.1681,4.0526,4.0526,15.685,16.1435,15.685,102.511,103,108.1123,3.3277,3.502,0.2973,0.2125,0,0.5098
,2/17/2017,459200HP,US459200HP91,IBM,IBM,3.3,8/1/2023,2,IMAN,TRON,"1,765.06","1,821.13",6.4438,0.1781,102.9988,2.8621,2.8621,5.7664,5.8361,5.7664,68.6386,69,70.2155,0.382,0.3896,0.1659,0.171,0.0006,0.3369
,2/17/2017,459200HU,US459200HU86,IBM,IBM,3.6,2/12/2024,2,IMAN,TRON,"2,353.41","2,450.07",6.9781,0.0806,104.0268,2.9814,2.9814,6.1492,6.2266,6.1492,74.971,75,76.8955,0.4359,0.4449,0.7089,0.1825,0.0003,0.8914
,2/17/2017,459200JG,US459200JG74,IBM,IBM,3.4,2/19/2026,2,IMAN,TRON,"1,588.55","1,611.96",8.9973,0.0096,101.4641,3.2609,3.2609,7.6952,7.8108,7.6952,84.9461,85,86.7774,0.6846,0.7019,0.608,0.1779,0,0.7859
,2/17/2017,46115HAR,US46115HAR84,BAVI,ISP,5.2,1/12/2024,0,FBNK,BANK,"1,176.70","1,236.29",6.8932,0.5542,104.5099,4.4815,4.4815,5.741,5.8069,5.741,225.8003,226,230.0155,0.3928,0.4005,-0.2598,0.2637,0,0.0039
,2/17/2017,46625HHF,US46625HHF01,JPM,JPM,6.4,5/15/2038,1,FBNK,BANK,"1,919.15","2,504.82",21.2301,1.6889,128.8283,4.313,4.313,12.5965,12.8338,12.5965,142.8257,143,153.6029,2.1936,2.2687,0.5833,0.261,0,0.8443
,2/17/2017,46625HHV,US46625HHV50,JPM,JPM,5.5,10/15/2040,1,FBNK,BANK,959.5754,"1,144.14",23.6493,1.9097,117.3238,4.3228,4.3228,13.7868,14.1244,13.7868,131.7437,132,142.3826,2.6565,2.7741,0.2423,0.2446,0,0.4869
,2/17/2017,46625HJB,US46625HJB78,JPM,JPM,5.6,7/15/2041,1,FBNK,BANK,"1,343.41","1,603.26",24.3973,0.5444,118.7982,4.3428,4.3428,14.1302,14.4661,14.1302,132.3968,132,143.344,2.7817,2.9028,-0.0383,0.2482,0,0.2098
,2/17/2017,46625HJE,US46625HJE18,JPM,JPM,3.2,9/23/2022,1,FBNK,BANK,"2,302.98","2,363.91",5.589,1.3271,101.3184,2.9918,2.9918,5.0203,5.0708,5.0203,95.2193,95,96.5539,0.2931,0.2981,0.4184,0.1681,0,0.5865
,2/17/2017,46625HJH,US46625HJH49,JPM,JPM,3.2,1/25/2023,1,FBNK,BANK,"2,111.07","2,132.59",5.9288,0.2222,100.7973,3.0517,3.0517,5.3579,5.4169,5.3579,95.2629,95,96.6055,0.3296,0.3357,0.1252,0.1677,0,0.2928
,2/17/2017,46625HJJ,US46625HJJ05,JPM,JPM,3.3,5/1/2023,0.67,FBNK,BANK,"1,535.32","1,549.55",6.1918,1.0219,99.9052,3.3915,3.3915,5.4943,5.5581,5.4943,124.9671,125,126.6001,0.3503,0.3569,0.0819,0.1769,0,0.2589
,2/17/2017,46625HJM,US46625HJM34,JPM,JPM,5.6,8/16/2043,0.67,FBNK,BANK,959.5754,"1,106.21",26.4849,0.0625,115.219,4.6227,4.6227,14.5772,14.8734,14.5772,158.972,159,170.3202,3.0281,3.1462,1.4039,0.2557,0.0002,1.6596
,2/17/2017,46625HJT,US46625HJT86,JPM,JPM,3.8,2/1/2024,1,FBNK,BANK,"1,151.49","1,200.34",6.9479,0.2045,104.0378,3.2214,3.2214,6.0665,6.1417,6.0665,99.2717,99,101.5558,0.4267,0.4356,0.6969,0.195,0.0006,0.8919
,2/17/2017,46625HJU,US46625HJU59,JPM,JPM,4.8,2/1/2044,1,FBNK,BANK,767.6603,841.4361,26.9479,0.256,109.3545,4.2627,4.2627,15.4731,15.8331,15.4731,122.6985,123,131.1218,3.3492,3.496,-0.4836,0.2286,0.0007,-0.255
,2/17/2017,46625HJX,US46625HJX98,JPM,JPM,3.6,5/13/2024,1,FBNK,BANK,"1,535.32","1,583.01",7.2247,0.9767,102.1296,3.2911,3.2911,6.2726,6.3538,6.2726,103.3364,103,105.3543,0.458,0.468,0.3691,0.1866,0,0.5557
,2/17/2017,46625HJY,US46625HJY71,JPM,JPM,3.8,9/10/2024,0.67,FBNK,BANK,"2,302.98","2,368.83",7.5534,1.7222,101.1369,3.7009,3.7009,6.3995,6.4848,6.3995,140.4646,140,142.9547,0.4834,0.4944,0.3205,0.1999,0,0.5204
,2/17/2017,46625HJZ,US46625HJZ47,JPM,JPM,4.1,12/15/2026,0.67,FBNK,BANK,"1,535.32","1,578.30",9.8164,0.7448,102.0547,3.8709,3.8709,7.9804,8.0925,7.9804,143.0341,143,146.0419,0.7573,0.7757,1.2044,0.2148,0,1.4191
,2/17/2017,46625HLL,US46625HLL23,JPM,JPM,4.9,6/1/2045,0.67,FBNK,BANK,"1,343.41","1,444.56",28.2767,1.0862,106.4435,4.5426,4.5426,15.3992,15.7135,15.3992,149.9209,150,159.2697,3.4184,3.5544,1.3717,0.2469,0,1.6186
,2/17/2017,46625HNJ,US46625HNJ58,JPM,JPM,4.2,10/1/2027,0.67,FBNK,BANK,"1,151.49","1,200.97",10.611,1.641,102.6563,3.9409,3.9409,8.3819,8.5029,8.3819,145.6629,146,148.9749,0.8498,0.8712,0.6709,0.217,0,0.8879
,2/17/2017,48126BAA,US48126BAA17,JPM,JPM,5.4,1/6/2042,1,FBNK,BANK,959.5754,"1,132.21",24.8767,0.66,117.3312,4.2628,4.2628,14.4392,14.7879,14.4392,123.8724,124,134.0593,2.9031,3.0319,1.1263,0.2449,0,1.3711
,2/17/2017,494550AW,US494550AW68,KMI,KMI,6.9,1/15/2038,0,IEGY,GSPL,"1,382.63","1,636.65",20.9014,0.6757,117.6969,5.5129,5.5129,11.6838,11.8569,11.6838,264.9059,265,278.4778,1.9386,1.9929,-0.6233,0.3089,0,-0.3144
,2/17/2017,50076QAE,US50076QAE61,KHC,KHC,5,6/4/2042,0,ICON,FOOD,"2,322.46","2,349.27",25.2849,1.0556,100.0987,4.9926,4.9926,14.1235,14.4383,14.1235,196.5404,197,207.5344,2.8469,2.966,-1.9897,0.2564,0,-1.7333
,2/17/2017,539439AM,US539439AM10,LYG,LLOY,4.5,12/10/2025,0,FBNK,BANK,"1,562.29","1,593.18",8.8027,0.8909,101.0861,4.4309,4.4309,7.1328,7.233,7.1328,202.4291,202,206.3799,0.6089,0.6235,0.4291,0.2387,0,0.6678
,2/17/2017,53944YAA,US53944YAA10,LYG,LLOY,4.5,11/4/2024,0,FBNK,BANK,"1,176.70","1,209.77",7.7041,1.325,101.4849,4.2709,4.2709,6.3862,6.4705,6.3862,195.5803,196,199.1324,0.4858,0.4967,0.3169,0.2323,0,0.5492
,2/17/2017,53944YAB,US53944YAB92,LYG,LLOY,4.6,3/24/2026,0,FBNK,BANK,"1,765.06","1,826.97",9.0877,1.8858,101.6219,4.4309,4.4309,7.2373,7.3364,7.2373,201.7138,202,205.7062,0.6351,0.6501,0.655,0.2392,0,0.8942
,2/17/2017,53944YAD,US53944YAD58,LYG,LLOY,3.7,1/11/2027,0.67,FBNK,BANK,"1,470.88","1,450.48",9.8904,0.4062,98.2068,3.9706,3.9706,8.1429,8.2601,8.1429,152.6086,153,155.1008,0.781,0.8005,0.0934,0.2013,0,0.2947
,2/17/2017,539830BB,US539830BB41,LMT,LMT,4,12/15/2042,0.67,IMAN,AERO,"1,561.72","1,545.53",25.8164,0.7349,98.2285,4.1825,4.1825,15.6728,16.1081,15.6728,115.2634,115,121.3687,3.358,3.5274,0.7715,0.2192,0,0.9907
,2/17/2017,56501RAC,US56501RAC07,MFC,MFC,4.1,3/4/2026,1.33,FINS,LIFE,"1,176.70","1,257.93",9.0329,1.9136,104.9888,3.5012,3.5012,7.403,7.5092,7.403,108.8771,109,111.8198,0.6546,0.6705,0.1301,0.2056,0,0.3356
,2/17/2017,57636QAB,US57636QAB05,MA,MA,3.3,4/1/2024,1.33,ISRV,OTHS,"1,176.70","1,232.98",7.1096,1.3031,103.479,2.8313,2.8313,6.2318,6.3125,6.2318,58.5627,59,60.161,0.4509,0.4607,0.5468,0.1712,0,0.7181
,2/17/2017,585055BS,US585055BS43,MDT,MDT,3.5,3/15/2025,1.33,ISRV,HEAL,"4,683.11","4,855.84",8.063,1.5069,102.1815,3.191,3.191,6.8994,7.0018,6.8994,83.2208,83,85.1569,0.5568,0.5705,0.2005,0.1788,0,0.3794
,2/17/2017,585055BT,US585055BT26,MDT,MDT,4.3,3/15/2035,1.33,ISRV,HEAL,"2,802.46","2,995.87",18.063,1.8837,105.0178,3.9827,3.9827,12.349,12.5616,12.349,126.223,126,130.6118,1.9741,2.0345,0.5986,0.2178,0,0.8163
,2/17/2017,585055BU,US585055BU98,MDT,MDT,4.6,3/15/2045,1.33,ISRV,HEAL,"4,701.16","5,112.05",28.063,1.9913,106.7489,4.2126,4.2126,15.7626,16.1252,15.7626,116.9703,117,124.585,3.5439,3.6991,-0.0229,0.2249,0,0.2021
,2/17/2017,58933YAF,US58933YAF25,MRK,MRKX,2.8,5/18/2023,2.33,ISRV,PHRM,"2,059.23","2,086.67",6.2384,0.7156,100.6166,2.6917,2.6917,5.6582,5.7265,5.6582,54.2539,54,55.1137,0.3665,0.3736,-0.1014,0.1459,0,0.0445
,2/17/2017,58933YAJ,US58933YAJ47,MRK,MRKX,4.1,5/18/2043,2.33,ISRV,PHRM,"1,470.88","1,519.02",26.2384,1.0606,102.2123,4.0126,4.0126,15.8605,16.2962,15.8605,98.088,98,103.9891,3.4486,3.6214,0.1384,0.2128,0,0.3512
,2/17/2017,59022CAJ,US59022CAJ27,BAC,BAC,6.1,1/29/2037,0.33,FBNK,BANK,"1,096.21","1,287.28",19.9397,0.3564,117.0744,4.7729,4.7729,12.1103,12.3043,12.1103,196.3697,196,205.9967,1.999,2.0579,0.6899,0.2773,0,0.9672
,2/17/2017,59023VAA,US59023VAA89,BAC,BAC,7.7,5/14/2038,0.33,FBNK,BANK,938.2887,"1,318.44",21.2274,2.0667,138.4482,4.8331,4.8331,11.8179,12.0026,11.8179,194.8531,195,208.9186,1.9894,2.0475,0.4202,0.2932,0,0.7134
,2/17/2017,59156RAM,US59156RAM07,MET,MET,5.7,6/15/2035,1,FINS,LIFE,"1,176.70","1,425.71",18.3151,1.0292,120.1319,4.123,4.123,11.8895,12.072,11.8895,139.1436,139,146.0252,1.8695,1.9216,0.9093,0.2512,0,1.1605
,2/17/2017,59156RBG,US59156RBG20,MET,MET,4.8,11/13/2043,1,FINS,LIFE,"1,176.70","1,284.74",26.7288,1.3135,107.8672,4.3726,4.3726,15.1397,15.488,15.1397,133.8394,134,142.6558,3.245,3.3858,-0.177,0.2358,0,0.0588
,2/17/2017,59156RBH,US59156RBH03,MET,MET,3.6,4/10/2024,1,FINS,LIFE,"1,176.70","1,227.01",7.1342,1.3,102.9755,3.1312,3.1312,6.1971,6.2766,6.1971,88.2959,88,90.2421,0.4479,0.4576,0.3592,0.1832,0,0.5424
,2/17/2017,59156RBN,US59156RBN70,MET,MET,4,3/1/2045,1,FINS,LIFE,"1,176.70","1,143.58",28.0247,1.9012,95.2835,4.3425,4.3425,16.0416,16.4349,16.0416,129.9693,130,136.3444,3.6477,3.8166,-0.1721,0.22,0,0.048
,2/17/2017,594918AJ,US594918AJ36,MSFT,MSFT,4.5,10/1/2040,3.33,IMAN,INFO,"1,176.70","1,258.24",23.611,1.7375,105.192,4.1526,4.1526,14.4736,14.8831,14.4736,114.8219,115,122.2585,2.8607,3.0038,0.2686,0.2232,0,0.4918
,2/17/2017,594918AM,US594918AM64,MSFT,MSFT,5.3,2/8/2041,3.33,IMAN,INFO,"1,176.70","1,394.40",23.9671,0.1767,118.324,4.0928,4.0928,14.3753,14.7452,14.3753,108.0726,108,117.6534,2.826,2.9569,-1.0223,0.2296,0.0005,-0.7927
,2/17/2017,59562VAM,US59562VAM90,BRKA,BRK,6.1,4/1/2036,1,UELC,ELEC,"1,996.86","2,550.82",19.1096,2.3649,125.3771,4.183,4.183,11.8991,12.0865,11.8991,141.4671,141,149.5878,1.92,1.9752,0.0693,0.2539,0,0.3231
,2/17/2017,59562VAR,US59562VAR87,BRKA,BRK,6.5,9/15/2037,1,UELC,ELEC,"1,176.70","1,562.02",20.5671,2.7986,129.9468,4.293,4.293,12.2244,12.4361,12.2244,144.9226,145,155.0643,2.0734,2.139,-0.2955,0.2583,0,-0.0371
,2/17/2017,606822AD,US606822AD62,MTU,MTFGI,3.8,3/1/2026,1.33,FBNK,BANK,"3,530.11","3,658.44",9.0247,1.8074,101.8277,3.6109,3.6109,7.4582,7.5669,7.4582,119.8655,120,122.4045,0.6608,0.6773,0.2217,0.1969,0,0.4186
,2/17/2017,606822AJ,US606822AJ33,MTU,MTFGI,2.7,9/13/2026,1.33,FBNK,BANK,"1,176.70","1,112.98",9.5616,1.2024,93.3824,3.5801,3.5801,8.1716,8.2968,8.1716,115.1497,115,115.9607,0.7733,0.7934,0.534,0.1549,0,0.6889
,2/17/2017,60687YAG,US60687YAG44,MZFC,MZFG,2.8,9/13/2026,1,FBNK,BANK,"1,176.70","1,119.33",9.5616,1.2381,93.8861,3.6001,3.6001,8.1423,8.2663,8.1423,117.1543,117,118.1026,0.7695,0.7895,0.0368,0.1578,0,0.1946
,2/17/2017,60871RAD,US60871RAD26,TAP,TAP,5,5/1/2042,0,ICON,BEVG,"1,294.38","1,386.15",25.1918,1.5139,105.576,4.6226,4.6226,14.3496,14.6901,14.3496,159.6066,160,169.6272,2.913,3.041,0.4104,0.248,0,0.6584
,2/17/2017,6174467X,US6174467X10,MS,MS,5,11/24/2025,0,FBNK,BANK,"1,228.83","1,332.42",8.7589,1.1944,107.2357,4.0115,4.0115,7.0445,7.1422,7.0445,160.6038,161,165.0029,0.5977,0.612,1.1793,0.2468,0,1.4261
,2/17/2017,6174467Y,US6174467Y92,MS,MS,4.3,9/8/2026,0,FBNK,BANK,"1,382.43","1,435.36",9.5479,1.9575,101.8711,4.1109,4.1109,7.6279,7.7327,7.6279,168.2891,168,171.6851,0.703,0.7198,0.2277,0.2221,0,0.4498
,2/17/2017,6174468C,US6174468C63,MS,MS,4,7/23/2025,0.67,FBNK,BANK,"1,843.24","1,897.71",8.4192,0.3,102.655,3.6311,3.6311,7.1042,7.2092,7.1042,124.1621,124,126.995,0.5906,0.6054,0.849,0.2072,0,1.0563
,2/17/2017,61746BDJ,US61746BDJ26,MS,MS,3.7,2/25/2023,0.67,FBNK,BANK,"1,536.04","1,612.28",6.0137,1.8229,103.1406,3.1722,3.1722,5.2723,5.3301,5.2723,105.8753,106,107.8485,0.3267,0.3327,0.427,0.1897,0,0.6167
,2/17/2017,61746BDQ,US61746BDQ68,MS,MS,3.8,4/29/2024,0.67,FBNK,BANK,"1,843.24","1,914.58",7.1863,1.1948,102.6752,3.4511,3.4511,6.1801,6.2587,6.1801,119.7456,120,122.1159,0.4475,0.4569,0.673,0.1986,0,0.8716
,2/17/2017,61746BDZ,US61746BDZ67,MS,MS,3.8,1/27/2026,0.67,FBNK,BANK,"1,843.24","1,865.01",8.9342,0.2476,100.9332,3.7509,3.7509,7.4866,7.5961,7.4866,134.0964,134,136.7364,0.6562,0.6726,0.2993,0.2031,0,0.5025
,2/17/2017,61746BEF,US61746BEF94,MS,MS,3.6,1/20/2027,0.67,FBNK,BANK,"1,843.24","1,823.73",9.9151,0.3021,98.6391,3.7906,3.7906,8.2245,8.3443,8.2245,134.4761,134,136.7145,0.7931,0.813,0.2579,0.1942,0,0.4522
,2/17/2017,61746BEG,US61746BEG77,MS,MS,4.3,1/22/2047,0.67,FBNK,BANK,"1,382.43","1,376.57",29.9205,0.3646,99.2114,4.4226,4.4226,16.4819,16.7921,16.4819,139.4802,139,146.5321,3.8874,4.034,0.8084,0.2343,0,1.0427
,2/17/2017,61747YDU,US61747YDU64,MS,MS,4.1,5/22/2023,0,FBNK,BANK,"1,228.83","1,275.78",6.2493,1.0022,102.8184,3.5921,3.5921,5.442,5.5039,5.442,144.1404,144,146.6608,0.3472,0.3536,0.0584,0.209,0,0.2674
,2/17/2017,61747YDY,US61747YDY86,MS,MS,4.3,1/27/2045,0.67,FBNK,BANK,"1,536.04","1,507.78",27.9342,0.2747,97.8856,4.4326,4.4326,15.99,16.3632,15.99,139.0243,139,146.379,3.5913,3.7508,0.7856,0.2336,0,1.0192
,2/17/2017,6174824M,US6174824M37,MS,MS,4.8,11/1/2022,0,FBNK,BANK,"1,228.83","1,342.48",5.6959,1.476,107.7729,3.3634,3.3634,4.9219,4.9697,4.9219,130.5243,131,133.5532,0.2879,0.2925,0.7573,0.2379,0,0.9952
,2/17/2017,617482V9,US617482V925,MS,MS,6.3,7/24/2042,0.67,FBNK,BANK,"1,228.83","1,560.98",25.4219,0.4604,126.5691,4.5928,4.5928,13.9006,14.1785,13.9006,156.4792,156,169.6621,2.7607,2.8656,0.6561,0.2673,0,0.9234
,2/17/2017,61761J3R,US61761J3R84,MS,MS,3.1,7/27/2026,0.67,FBNK,BANK,"1,843.24","1,754.60",9.4301,0.1997,94.9911,3.7603,3.7603,8.0385,8.1585,8.0385,133.6657,134,135.1171,0.7468,0.7658,0.434,0.1743,0,0.6083
,2/17/2017,61761JVL,US61761JVL06,MS,MS,3.7,10/23/2024,0.67,FBNK,BANK,"1,843.24","1,893.58",7.6712,1.2025,101.5282,3.4709,3.4709,6.568,6.6585,6.568,115.9657,116,118.2009,0.5048,0.5163,0.791,0.192,0,0.9829
,2/17/2017,61761JZN,US61761JZN26,MS,MS,3.9,4/23/2027,0,FBNK,BANK,"1,228.83","1,231.29",10.1699,1.2838,98.9165,4.0806,4.0806,8.1912,8.309,8.1912,162.0419,162,164.9083,0.8026,0.8226,1.2518,0.2111,0,1.4629
,2/17/2017,63254AAS,US63254AAS78,NAB,NAB,2.5,7/12/2026,2,FBNK,BANK,"1,470.88","1,364.55",9.389,0.2639,92.5067,3.44,3.44,8.2184,8.3468,8.2184,101.7797,102,102.1457,0.7687,0.7891,0.2097,0.1427,0,0.3525
,2/17/2017,63946BAG,US63946BAG59,CMCSA,CMCSA,5.9,4/1/2041,1,ISRV,CBLE,"1,412.05","1,750.26",24.1096,2.2974,121.6548,4.4728,4.4728,13.5748,13.882,13.5748,145.8242,146,157.9645,2.6206,2.7296,-0.3088,0.2532,0,-0.0556
,2/17/2017,63946BAH,US63946BAH33,CMCSA,CMCSA,2.8,1/15/2023,1,ISRV,CBLE,"1,176.70","1,174.50",5.9014,0.2795,99.5335,2.9614,2.9614,5.3756,5.4352,5.3756,86.7174,87,87.6875,0.3304,0.3365,0.0744,0.1524,0,0.2268
,2/17/2017,63946BAJ,US63946BAJ98,CMCSA,CMCSA,4.4,1/15/2043,1,ISRV,CBLE,"1,176.70","1,190.32",25.9014,0.4326,100.7247,4.4026,4.4026,15.2634,15.6509,15.2634,137.2274,137,145.0334,3.2269,3.378,1.0553,0.2352,0,1.2904
,2/17/2017,65334HAG,US65334HAG74,CEO,CNOOC,6.4,5/15/2037,1.67,IEGY,SOGP,"1,470.88","1,822.64",20.2301,1.6889,122.2261,4.687,4.687,12.0218,12.2162,12.0218,186.2279,186,196.5129,2.0001,2.0595,0.9957,0.2761,0,1.2717
,2/17/2017,666807BG,US666807BG61,NOC,NOC,3.2,8/1/2023,0.33,IMAN,AERO,"1,235.54","1,266.42",6.4438,0.1715,102.3277,2.852,2.852,5.7846,5.8549,5.7846,67.6259,68,69.0502,0.3837,0.3913,0.1141,0.1657,0.0005,0.2798
,2/17/2017,66989HAE,US66989HAE80,NVS,NOVNX,2.4,9/21/2022,2,ISRV,PHRM,"1,765.06","1,769.66",5.5836,0.9933,99.2674,2.5413,2.5413,5.1427,5.1961,5.1427,50.2626,50,50.6825,0.3028,0.3078,0.1351,0.1267,0,0.2617
,2/17/2017,66989HAG,US66989HAG39,NVS,NOVNX,3.4,5/6/2024,2,ISRV,PHRM,"2,529.92","2,629.62",7.2055,0.9822,102.9587,2.9412,2.9412,6.3162,6.3989,6.3162,68.5498,69,70.2064,0.4621,0.4723,0.1112,0.1731,0,0.2843
,2/17/2017,66989HAH,US66989HAH12,NVS,NOVNX,4.4,5/6/2044,2,ISRV,PHRM,"2,176.90","2,343.33",27.2055,1.2711,106.3738,4.0126,4.0126,15.9642,16.37,15.9642,97.5231,98,104.0703,3.5458,3.7135,-0.5044,0.2151,0,-0.2893
,2/17/2017,68389XAE,US68389XAE58,ORCL,ORCL,6.5,4/15/2038,2,IMAN,INFO,"1,470.88","1,947.37",21.1479,2.2569,130.138,4.313,4.313,12.4757,12.7062,12.4757,143.3519,143,154.2108,2.1621,2.2348,-0.7997,0.2577,0,-0.542
,2/17/2017,68389XAH,US68389XAH89,ORCL,ORCL,6.1,7/8/2039,2,IMAN,INFO,"1,470.88","1,849.28",22.3781,0.7146,125.0114,4.3629,4.3629,13.1761,13.4628,13.1761,140.6627,141,152.274,2.4002,2.4946,-0.9689,0.2553,0,-0.7137
,2/17/2017,68389XAM,US68389XAM74,ORCL,ORCL,5.3,7/15/2040,2,IMAN,INFO,"2,635.15","3,075.85",23.3973,0.5226,116.201,4.2728,4.2728,13.9635,14.3124,13.9635,127.407,127,137.5558,2.6788,2.799,-0.736,0.2418,0,-0.4942
,2/17/2017,68389XAP,US68389XAP06,ORCL,ORCL,2.5,10/15/2022,2,IMAN,INFO,"2,941.76","2,942.50",5.6493,0.8681,99.157,2.6613,2.6613,5.1904,5.2452,5.1904,61.0901,61,61.6233,0.3084,0.3136,0.2865,0.1325,0,0.419
,2/17/2017,68389XAS,US68389XAS45,ORCL,ORCL,3.6,7/15/2023,2,IMAN,INFO,"1,176.70","1,235.79",6.3973,0.3524,104.6689,2.8225,2.8225,5.6898,5.7574,5.6898,65.2529,65,67.1231,0.3739,0.3811,0.3263,0.1831,0,0.5094
,2/17/2017,694308GE,US694308GE15,PCG,PCGX,6,3/1/2034,0.67,UELC,ELEC,"3,530.11","4,516.31",17.0247,2.8401,125.0965,4.0031,4.0031,11.0877,11.2381,11.0877,132.7118,133,139.2393,1.6357,1.6765,0.1673,0.2506,0,0.418
,2/17/2017,713409AC,US713409AC43,PEP,PEP,7,3/1/2029,1.33,ICON,BEVG,"1,176.70","1,636.02",12.0247,3.2861,135.7483,3.3624,3.3624,8.5521,8.6596,8.5521,82.3305,82,88.9318,0.938,0.9593,-0.1761,0.266,0,0.0899
,2/17/2017,713448BP,US713448BP24,PEP,PEP,5.5,1/15/2040,1.33,ICON,BEVG,"1,176.70","1,433.50",22.9014,0.5347,121.2885,4.0628,4.0628,13.8704,14.2158,13.8704,108.1732,108,118.005,2.622,2.7385,-0.4603,0.2377,0,-0.2225
,2/17/2017,713448CG,US713448CG16,PEP,PEP,2.7,3/1/2023,1.33,ICON,BEVG,"1,470.88","1,492.18",6.0247,1.291,100.1568,2.7215,2.7215,5.4533,5.516,5.4533,60.552,61,61.3512,0.3425,0.3489,-0.313,0.1428,0,-0.1702
,2/17/2017,717081CY,US717081CY74,PFE,PFE,7.2,3/15/2039,2.33,ISRV,PHRM,"2,941.76","4,330.76",22.063,3.1,144.1164,4.1331,4.1331,12.6055,12.8531,12.6055,119.4815,119,132.4023,2.241,2.3213,0.7015,0.2606,0,0.9621
,2/17/2017,717081DH,US717081DH33,PFE,PFE,3,6/15/2023,2.33,ISRV,PHRM,"1,176.70","1,209.49",6.3151,0.5417,102.2446,2.612,2.612,5.7063,5.7754,5.7063,45.2944,45,46.3883,0.3731,0.3804,0.0573,0.1544,0,0.2117
,2/17/2017,717081DK,US717081DK61,PFE,PFE,4.4,5/15/2044,2.33,ISRV,PHRM,"1,176.70","1,249.37",27.2301,1.1611,105.0138,4.0926,4.0926,15.909,16.308,15.909,105.5058,106,112.2594,3.5284,3.6936,0.7763,0.2209,0,0.9972
,2/17/2017,717081DM,US717081DM28,PFE,PFE,3.4,5/15/2024,2.33,ISRV,PHRM,"1,176.70","1,225.29",7.2301,0.8972,103.2314,2.9012,2.9012,6.3433,6.4267,6.3433,64.2962,64,65.9454,0.4657,0.476,-0.1457,0.1724,0,0.0266
,2/17/2017,717081DV,US717081DV27,PFE,PFE,2.7,6/3/2026,2.33,ISRV,PHRM,"1,470.88","1,435.86",9.2822,0.5882,97.0309,3.1204,3.1204,8.0644,8.1893,8.0644,70.1892,70,70.887,0.7455,0.765,0.5077,0.1497,0,0.6574
,2/17/2017,717081EA,US717081EA70,PFE,PFE,3,12/15/2026,2.33,ISRV,PHRM,"2,059.23","2,039.84",9.8164,0.7417,98.3165,3.2006,3.2006,8.3685,8.496,8.3685,76.0011,76,77.1057,0.8102,0.8313,0.1811,0.1604,0,0.3415
,2/17/2017,717081EC,US717081EC37,PFE,PFE,4,12/15/2036,2.33,ISRV,PHRM,"1,176.70","1,187.84",19.8164,0.9889,99.9574,4.0026,4.0026,13.465,13.7511,13.465,119.9698,120,124.2437,2.3433,2.4305,-1.2263,0.207,0,-1.0193
,2/17/2017,717081ED,US717081ED10,PFE,PFE,4.1,12/15/2046,2.33,ISRV,PHRM,"1,470.88","1,488.89",29.8164,1.0198,100.2043,4.1126,4.1126,16.9136,17.2708,16.9136,108.3134,108,113.9536,4.047,4.2144,0.3199,0.2162,0,0.5361
,2/17/2017,718172AC,US718172AC39,PMINT,PM,6.3,5/16/2038,1.33,ICON,TOBC,"1,765.06","2,274.21",21.2329,1.6646,127.1818,4.393,4.393,12.5606,12.7957,12.5606,150.8058,151,161.6882,2.1848,2.2592,0.5834,0.2633,0,0.8468
,2/17/2017,718172BL,US718172BL29,PMINT,PM,4.2,11/10/2044,1.33,ICON,TOBC,"1,470.88","1,457.05",27.7205,1.1806,97.8794,4.3825,4.3825,15.8723,16.2526,15.8723,134.1558,134,141.2433,3.5543,3.7153,0.3029,0.2276,0,0.5306
,2/17/2017,718546AH,US718546AH74,PSX,PSX,5.8,5/1/2042,0.67,IEGY,OILR,"1,762.70","2,085.57",25.1918,1.7788,116.5378,4.7427,4.7427,13.7764,14.064,13.7764,171.6171,172,184.1712,2.7335,2.8412,-1.8193,0.258,0,-1.5613
,2/17/2017,742718DF,US742718DF34,PG,PG,5.5,3/5/2037,2,ICON,CONS,"1,330.23","1,765.11",20.0356,2.5437,130.1486,3.453,3.453,12.8764,13.1254,12.8764,63.8613,64,70.6175,2.211,2.2871,-0.5729,0.22,0,-0.3529
,2/17/2017,742718EB,US742718EB11,PG,PG,3.1,8/15/2023,2,ICON,CONS,"1,176.70","1,211.26",6.4822,0.0431,102.8934,2.6121,2.6121,5.8563,5.9284,5.8563,43.128,43,44.3317,0.3916,0.3994,-0.0617,0.1569,0.0001,0.0952
,2/17/2017,767201AL,US767201AL06,RTL,RIO,5.2,11/2/2040,1,IMAN,METL,"1,353.21","1,548.30",23.6986,1.56,112.8568,4.3268,4.3268,13.9918,14.3468,13.9918,132.0378,132,141.9043,2.7175,2.8416,0.755,0.2423,0,0.9972
,2/17/2017,780097BA,US780097BA81,RBS,RBS,4.8,4/5/2026,0,FBNK,BANK,"1,765.06","1,799.23",9.1205,1.8,100.136,4.7807,4.7807,7.1935,7.2904,7.1935,236.6284,237,240.9698,0.6302,0.6449,0.077,0.2493,0,0.3264
,2/17/2017,780097BD,US780097BD21,RBS,RBS,3.8,9/12/2023,0,FBNK,BANK,"3,118.27","3,094.25",6.5589,1.7007,97.5292,4.311,4.311,5.6244,5.6913,5.6244,212.1801,212,214.6162,0.3735,0.3808,0.4923,0.2075,0,0.6999
,2/17/2017,80281TAE,US80281TAE82,STD,SAN,5.1,11/19/2025,0.33,FBNK,BANK,"1,765.06","1,807.59",8.7452,1.3091,101.1005,5.0209,5.0209,6.8916,6.9848,6.8916,261.5807,262,266.6274,0.5783,0.5918,-0.0714,0.2674,0,0.196
,2/17/2017,80283LAJ,US80283LAJ26,STD,SANS,4,3/13/2024,1.33,FBNK,BANK,"1,176.70","1,237.38",7.0575,1.7444,103.4121,3.4513,3.4513,6.0331,6.1082,6.0331,121.0753,121,123.5753,0.4295,0.4383,0.1036,0.2014,0,0.3049
,2/17/2017,803865AA,US803865AA25,SSL,SOLJ,4.5,11/14/2022,0.33,FOTH,OTHF,"1,176.70","1,203.76",5.7315,1.2,101.0989,4.2806,4.2806,4.9565,5.0056,4.9565,221.6111,222,224.4288,0.2907,0.2954,1.2844,0.2357,0,1.5201
,2/17/2017,81180WAH,US81180WAH43,STX,STX,4.7,6/1/2023,0,IMAN,TRON,"1,176.70","1,188.97",6.2767,1.0424,100,4.7487,4.7487,5.3221,5.3808,5.3221,259.4756,259,262.956,0.3365,0.3428,-0.7386,0.2469,0,-0.4917
,2/17/2017,81180WAL,US81180WAL54,STX,STX,4.7,1/1/2025,0,IMAN,TRON,"1,176.70","1,140.19",7.863,0.6465,96.25,5.3392,5.3392,6.4112,6.4957,6.4112,300.4347,300,304.732,0.4915,0.5026,-0.7701,0.2574,0,-0.5127
,2/17/2017,822582AD,US822582AD40,RDSA,RDS,6.3,12/15/2038,1.33,IEGY,OILI,"2,895.99","3,746.66",21.8164,1.151,128.2232,4.3571,4.3571,12.8386,13.0968,12.8386,143.4496,143,154.9792,2.2824,2.3657,0.155,0.2611,0,0.4162
,2/17/2017,822582AN,US822582AN22,RDSA,RDS,5.5,3/25/2040,1.33,IEGY,OILI,"1,053.09","1,253.96",23.0904,2.2153,116.8593,4.3369,4.3369,13.5525,13.8817,13.5525,134.8191,135,145.3414,2.5629,2.6748,0.4542,0.2455,0,0.6997
,2/17/2017,822582AS,US822582AS19,RDSA,RDS,2.3,8/21/2022,1.33,IEGY,OILI,"1,053.09","1,043.89",5.4986,1.1809,97.9458,2.7802,2.7802,5.0547,5.106,5.0547,75.6125,76,76.0237,0.2933,0.2982,-0.0792,0.1265,0,0.0474
,2/17/2017,822582AV,US822582AV48,RDSA,RDS,2.2,1/6/2023,1.33,IEGY,OILI,"1,053.09","1,023.66",5.8767,0.275,96.9311,2.82,2.82,5.4401,5.5017,5.4401,73.0122,73,73.2603,0.3351,0.3413,0.03,0.1223,0,0.1523
,2/17/2017,822582AX,US822582AX04,RDSA,RDS,3.4,8/12/2023,1.33,IEGY,OILI,"1,053.09","1,082.18",6.474,0.0756,102.6871,2.9413,2.9413,5.789,5.8592,5.789,76.1549,76,77.7711,0.3849,0.3926,0.1553,0.1726,0.0002,0.3279
,2/17/2017,822582AY,US822582AY86,RDSA,RDS,4.5,8/12/2043,1.33,IEGY,OILI,"1,316.36","1,357.42",26.474,0.1011,103.0181,4.3567,4.3567,15.4645,15.8423,15.4645,132.3772,132,140.2853,3.3199,3.4712,-0.5383,0.2275,0.0003,-0.3108
,2/17/2017,822582BD,US822582BD31,RDSA,RDS,3.2,5/11/2025,1.33,IEGY,OILI,"2,895.99","2,907.15",8.2192,0.8938,99.4917,3.3207,3.3207,7.0988,7.2077,7.0988,94.6249,95,96.2245,0.5839,0.5989,0.0783,0.1713,0,0.2496
,2/17/2017,822582BE,US822582BE14,RDSA,RDS,4.1,5/11/2035,1.33,IEGY,OILI,"1,579.63","1,609.24",18.2192,1.1344,100.7404,4.0667,4.0667,12.6091,12.834,12.6091,133.9406,134,138.0062,2.0384,2.1028,-0.8254,0.2124,0,-0.613
,2/17/2017,822582BF,US822582BF88,RDSA,RDS,4.3,5/11/2045,1.33,IEGY,OILI,"3,159.26","3,226.98",28.2192,1.2031,100.9406,4.3167,4.3167,15.9921,16.3629,15.9921,127.3354,127,134.5659,3.6239,3.7841,-0.0858,0.2264,0,0.1406
,2/17/2017,822582BQ,US822582BQ44,RDSA,RDS,4,5/10/2046,1.33,IEGY,OILI,"2,369.44","2,302.18",29.2164,1.1111,96.05,4.2366,4.2366,16.6838,17.0638,16.6838,119.8366,120,125.642,3.9322,4.1048,-0.0845,0.2176,0,0.133
,2/17/2017,822582BT,US822582BT82,RDSA,RDS,2.8,5/10/2026,1.33,IEGY,OILI,"1,842.90","1,789.98",9.2164,0.7986,96.3296,3.3404,3.3404,7.943,8.0652,7.943,92.3673,92,93.3221,0.7274,0.7463,0.4242,0.1571,0,0.5813
,2/17/2017,822582BX,US822582BX94,RDSA,RDS,2.5,9/12/2026,1.33,IEGY,OILI,"1,053.09",989.4507,9.5589,1.0972,92.86,3.38,3.38,8.2773,8.4065,8.2773,95.1564,95,95.4983,0.787,0.8078,0.0429,0.1407,0,0.1836
,2/17/2017,822582BY,US822582BY77,RDSA,RDS,3.7,9/12/2046,1.33,IEGY,OILI,"1,316.36","1,232.67",29.5589,1.6458,91.9969,4.2266,4.2266,16.9195,17.3042,16.9195,119.2941,119,124.2954,4.0555,4.2337,-0.5881,0.2106,0,-0.3776
,2/17/2017,832696AK,US832696AK43,SJM,SJM,3.5,3/15/2025,0.33,ICON,FOOD,"1,176.70","1,204.25",8.063,1.5069,100.8339,3.3808,3.3808,6.884,6.986,6.884,102.2027,102,104.1851,0.5548,0.5686,0.1386,0.1811,0,0.3197
,2/17/2017,84265VAE,US84265VAE56,PCU,SCCO,6.7,4/16/2040,0.33,IMAN,METL,"1,294.38","1,475.17",23.1507,2.325,111.6431,5.8268,5.8268,12.0049,12.2085,12.0049,283.6062,284,300.7562,2.1376,2.2067,1.3773,0.3179,0,1.6951
,2/17/2017,84265VAG,US84265VAG05,PCU,SCCO,5.2,11/8/2042,0.33,IMAN,METL,"1,412.05","1,397.75",25.7151,1.4875,97.5,5.4309,5.4309,13.663,13.9273,13.663,240.1472,240,253.0044,2.7373,2.8397,2.068,0.2865,0,2.3545
,2/17/2017,84265VAJ,US84265VAJ44,PCU,SCCO,5.8,4/23/2045,0.33,IMAN,METL,"1,765.06","1,878.19",28.1699,1.9094,104.5,5.5564,5.5564,13.7512,13.9473,13.7512,251.3257,251,265.9148,2.8815,2.9674,2.0438,0.2982,0,2.342
,2/17/2017,857477AL,US857477AL77,STT,STT,3.1,5/15/2023,1,FBNK,BANK,"1,176.70","1,196.84",6.2301,0.8181,100.8931,2.9417,2.9417,5.5939,5.6603,5.5939,79.3876,79,80.6388,0.3604,0.3675,-0.094,0.161,0,0.067
,2/17/2017,857477AM,US857477AM50,STT,STT,3.7,11/20/2023,1.33,FBNK,BANK,"1,176.70","1,238.84",6.7479,0.925,104.3553,2.9823,2.9823,5.913,5.9861,5.913,77.2947,77,79.3135,0.4066,0.4149,-0.2417,0.1854,0,-0.0564
,2/17/2017,857477AN,US857477AN34,STT,STT,3.3,12/16/2024,1.33,FBNK,BANK,"1,176.70","1,202.19",7.8192,0.5867,101.5791,3.071,3.071,6.8224,6.9212,6.8224,74.1247,74,75.7219,0.537,0.5501,0.7515,0.172,0,0.9236
,2/17/2017,857477AT,US857477AT04,STT,STT,3.5,8/18/2025,1.33,FBNK,BANK,"1,529.72","1,567.15",8.4904,0.0197,102.4276,3.221,3.221,7.3041,7.4156,7.3041,82.6629,83,84.6857,0.6167,0.6323,0.2808,0.1807,0.0001,0.4615
,2/17/2017,85771PAG,US85771PAG72,STL,STL,2.4,1/17/2023,1.67,IEGY,OILI,"1,294.38","1,270.69",5.9068,0.2246,97.9452,2.8299,2.8299,5.4426,5.5041,5.4426,73.466,73,73.9407,0.3363,0.3425,0.1669,0.1321,0,0.299
,2/17/2017,85771PAN,US85771PAN24,STL,STL,3.7,3/1/2024,1.67,IEGY,OILI,"1,176.70","1,244.35",7.0247,1.7369,104.0114,3.0614,3.0614,6.0773,6.1539,6.0773,82.4302,82,84.4683,0.4331,0.4423,-0.2671,0.1845,0,-0.0826
,2/17/2017,86562MAC,US86562MAC47,SMFG,SUMFG,3.7,3/9/2026,1,FBNK,BANK,"1,765.06","1,818.32",9.0466,1.6923,101.3255,3.6108,3.6108,7.497,7.6066,7.497,119.8087,120,122.2506,0.6662,0.6828,0.2253,0.1947,0,0.4199
,2/17/2017,86562MAF,US86562MAF77,SMFG,SUMFG,2.6,7/14/2026,1,FBNK,BANK,"2,647.59","2,449.66",9.3945,0.2632,92.2609,3.61,3.61,8.1661,8.2924,8.1661,118.7589,119,119.3826,0.7619,0.782,0.2919,0.1508,0,0.4427
,2/17/2017,86562MAK,US86562MAK62,SMFG,SUMFG,3,10/19/2026,1,FBNK,BANK,"1,765.06","1,698.46",9.6603,1.0117,95.2151,3.6003,3.6003,8.185,8.3085,8.185,116.7292,117,117.9536,0.7789,0.799,0.4413,0.1661,0,0.6074
,2/17/2017,86562MAN,US86562MAN02,SMFG,SUMFG,3.4,1/11/2027,1,FBNK,BANK,"1,470.88","1,453.80",9.8904,0.3637,98.4747,3.6306,3.6306,8.2717,8.3938,8.2717,118.6112,119,120.5229,0.7987,0.819,0.0938,0.1845,0,0.2783
,2/17/2017,867229AE,US867229AE68,SU,SU,6.5,6/15/2038,1,IEGY,OILI,"1,353.21","1,727.32",21.3151,1.1736,126.4721,4.5471,4.5471,12.497,12.726,12.497,165.6925,166,177.2024,2.168,2.2407,-0.7254,0.2675,0,-0.4579
,2/17/2017,87612EBA,US87612EBA38,TGT,TGT,4,7/1/2042,1.33,ISRV,RETL,"1,765.06","1,721.84",25.3589,0.5444,97.0069,4.1925,4.1925,15.5934,16.0408,15.5934,116.4888,116,122.4178,3.3005,3.4709,-0.3277,0.2162,0,-0.1115
,2/17/2017,87612EBD,US87612EBD76,TGT,TGT,3.5,7/1/2024,1.33,ISRV,RETL,"1,176.70","1,224.74",7.3589,0.4764,103.6054,2.9513,2.9513,6.4481,6.5338,6.4481,67.8145,68,69.6174,0.4802,0.491,0.2394,0.1782,0,0.4176
,2/17/2017,87612EBE,US87612EBE59,TGT,TGT,2.5,4/15/2026,1.33,ISRV,RETL,"1,176.70","1,119.28",9.1479,0.8681,94.2522,3.2301,3.2301,8.0001,8.1265,8.0001,81.5064,82,81.8322,0.7318,0.7514,0.1168,0.1391,0,0.2559
,2/17/2017,87612EBF,US87612EBF25,TGT,TGT,3.6,4/15/2046,1.33,ISRV,RETL,"1,176.70","1,085.25",29.1479,1.2587,90.969,4.1625,4.1625,17.0637,17.4851,17.0637,112.3413,112,116.8742,4.0711,4.2621,0.8488,0.2096,0,1.0584
,2/17/2017,879385AD,US879385AD49,TEF,TEF,8.2,9/15/2030,0.33,UTEL,DIVT,"1,470.88","2,016.40",13.5671,3.5521,133.5355,4.8478,4.8478,8.6989,8.7874,8.6989,227.9811,228,236.7484,1.0206,1.0403,0.498,0.3202,0,0.8183
,2/17/2017,87938WAC,US87938WAC73,TEF,TEF,7,6/20/2036,0.33,UTEL,DIVT,"2,353.41","2,833.24",19.3288,1.1742,119.2147,5.427,5.427,11.1587,11.3033,11.1587,264.8226,265,276.3673,1.7458,1.7887,1.7146,0.3151,0,2.0297
,2/17/2017,88167AAD,US88167AAD37,TEVA,TEVA,2.8,7/21/2023,0.33,ISRV,PHRM,"3,530.11","3,313.58",6.4137,0.2256,93.6405,3.9302,3.9302,5.7723,5.8433,5.7723,175.8091,176,176.8173,0.3806,0.3882,-0.0973,0.1575,0,0.0602
,2/17/2017,88167AAE,US88167AAE10,TEVA,TEVA,3.1,10/1/2026,0.33,ISRV,PHRM,"4,118.47","3,820.80",9.611,1.8288,90.9436,4.3098,4.3098,7.961,8.0787,7.961,187.9029,188,189.5773,0.7487,0.7676,0.2129,0.1799,0,0.3928
,2/17/2017,88167AAF,US88167AAF84,TEVA,TEVA,4.1,10/1/2046,0.33,ISRV,PHRM,"2,353.41","2,035.09",29.611,2.3803,84.0938,5.1524,5.1524,15.4145,15.6822,15.4145,211.9593,212,220.5784,3.5536,3.6799,-0.3076,0.2501,0,-0.0575
,2/17/2017,887317AH,US887317AH82,TWX,TWX,6.1,7/15/2040,0.33,ISRV,CBLE,"1,176.70","1,337.63",23.3973,0.5931,113.0831,5.1327,5.1327,12.9932,13.2589,12.9932,213.4034,213,227.4383,2.4045,2.4957,-1.9766,0.2784,0,-1.6982
,2/17/2017,887317AL,US887317AL94,TWX,TWX,6.2,3/29/2041,0.33,ISRV,CBLE,"1,176.70","1,393.28",24.1014,2.4479,115.9575,5.0927,5.0927,12.9566,13.2145,12.9566,207.8262,208,222.2737,2.4461,2.5377,-1.5827,0.2749,0,-1.3078
,2/17/2017,88731EAF,US88731EAF79,CHTR,CHTR,8.3,3/15/2023,0,ISRV,CBLE,"1,176.70","1,518.86",6.063,3.6059,125.4715,3.6565,3.6565,4.7991,4.8437,4.7991,153.4463,153,160.061,0.2888,0.2933,-0.0479,0.3435,0,0.2955
,2/17/2017,88731EAJ,US88731EAJ91,CHTR,CHTR,8.3,7/15/2033,0,ISRV,CBLE,"1,176.70","1,561.89",16.3973,0.8142,131.9204,5.4134,5.4134,9.8261,9.9221,9.8261,276.2253,276,286.6303,1.3278,1.3531,0.5278,0.3359,0,0.8637
,2/17/2017,88732JAJ,US88732JAJ79,CHTR,CHTR,6.5,5/1/2037,0,ISRV,CBLE,"1,765.05","2,061.19",20.1918,1.9832,114.795,5.3428,5.3428,11.5645,11.7346,11.5645,252.0107,252,263.6167,1.8899,1.9421,0.6658,0.2989,0,0.9647
,2/17/2017,88732JAN,US88732JAN81,CHTR,CHTR,7.3,7/1/2038,0,ISRV,CBLE,"1,765.06","2,196.02",21.3589,0.9936,123.4225,5.4329,5.4329,11.7274,11.9055,11.7274,253.9865,254,268.7632,1.9696,2.0261,0.7841,0.3131,0,1.0972
,2/17/2017,88732JAU,US88732JAU25,CHTR,CHTR,6.7,6/15/2039,0,ISRV,CBLE,"1,765.06","2,100.26",22.3151,1.2188,117.7724,5.3728,5.3728,12.2006,12.4168,12.2006,242.0036,242,257.1454,2.14,2.2109,0.9476,0.3031,0,1.2508
,2/17/2017,89153UAF,US89153UAF84,TOTF,TOTF,2.7,7/15/2023,1.67,IEGY,OILR,"1,176.70","1,174.26",6.3973,0.2674,99.5247,2.8314,2.8314,5.8154,5.8873,5.8154,66.149,66,66.9589,0.3851,0.3928,-0.0373,0.1456,0,0.1083
,2/17/2017,89153VAE,US89153VAE92,TOTF,TOTF,2.7,1/25/2023,1.67,IEGY,OILR,"1,176.70","1,171.20",5.9288,0.1875,99.3445,2.8206,2.8206,5.4316,5.4927,5.4316,72.1489,72,72.9056,0.336,0.3422,0.1723,0.1436,0,0.3159
,2/17/2017,89153VAG,US89153VAG41,TOTF,TOTF,3.7,1/15/2024,1.67,IEGY,OILR,"1,176.70","1,225.86",6.9014,0.3597,103.8179,3.0814,3.0814,6.0578,6.1334,6.0578,85.7045,86,87.7484,0.4247,0.4335,-0.2072,0.1874,0,-0.0198
,2/17/2017,89153VAL,US89153VAL36,TOTF,TOTF,3.7,4/10/2024,1.67,IEGY,OILR,"1,470.88","1,550.48",7.1342,1.3542,104.0573,3.1114,3.1114,6.172,6.2506,6.172,86.3122,86,88.4465,0.4455,0.455,-0.0229,0.1881,0,0.1652
,2/17/2017,8935268Z,US8935268Z94,TRP,TRP,7.6,1/15/2039,1,IEGY,GSPL,"1,470.88","2,128.99",21.9014,0.7413,144.0015,4.4572,4.4572,12.4146,12.6363,12.4146,152.9322,153,167.0611,2.1632,2.2345,-0.114,0.2785,0,0.1645
,2/17/2017,89352HAD,US89352HAD17,TRP,TRP,6.2,10/15/2037,1,IEGY,GSPL,"1,176.70","1,512.12",20.6493,2.1528,126.3517,4.2671,4.2671,12.4397,12.6638,12.4397,141.8429,142,151.5167,2.1289,2.1986,-0.0998,0.255,0,0.1552
,2/17/2017,90131HAR,US90131HAR66,FOXA,FOXA,3,9/15/2022,0.67,ISRV,CBLE,"1,176.70","1,188.81",5.5671,1.2917,99.7371,3.0514,3.0514,5.0275,5.0782,5.0275,101.5676,102,102.6489,0.293,0.2979,-0.2345,0.1566,0,-0.0779
,2/17/2017,90131HBF,US90131HBF10,FOXA,FOXA,6.2,12/15/2034,0.67,ISRV,CBLE,"1,176.70","1,403.89",17.8164,1.1194,118.1878,4.683,4.683,11.2397,11.391,11.2397,197.3617,197,205.3372,1.6969,1.7392,0.5206,0.2765,0,0.797
,2/17/2017,90131HBG,US90131HBG92,FOXA,FOXA,6.4,12/15/2035,0.67,ISRV,CBLE,"1,349.87","1,641.76",18.8164,1.1556,120.4684,4.743,4.743,11.5262,11.6901,11.5262,198.8502,199,207.9398,1.8093,1.857,-0.2766,0.2777,0,0.0011
,2/17/2017,90131HBK,US90131HBK05,FOXA,FOXA,6.1,3/1/2037,0.67,ISRV,CBLE,"1,176.70","1,423.25",20.0247,2.8871,118.0651,4.7428,4.7428,11.8882,12.0802,11.8882,192.8996,193,202.6259,1.969,2.0273,0.0834,0.2693,0,0.3527
,2/17/2017,90131HBL,US90131HBL87,FOXA,FOXA,6.6,11/15/2037,0.67,ISRV,CBLE,"1,470.88","1,855.26",20.7342,1.7549,124.3774,4.7829,4.7829,12.0476,12.2457,12.0476,192.9415,193,204.3979,2.0298,2.0915,1.2912,0.2826,0,1.5738
,2/17/2017,90131HBQ,US90131HBQ74,FOXA,FOXA,6.1,2/15/2041,0.67,ISRV,CBLE,"1,765.06","2,091.79",23.9863,0.0854,118.4255,4.8428,4.8428,13.4125,13.6949,13.4125,183.0338,183,196.5709,2.5445,2.6441,0.6241,0.2696,0.0002,0.8937
,2/17/2017,904764AH,US904764AH00,UN,UN,5.9,11/15/2032,1.67,ICON,CONS,"1,176.70","1,518.35",15.7342,1.5569,127.4773,3.5974,3.5974,10.7974,10.9376,10.7974,97.0732,97,102.5385,1.504,1.5397,-1.3005,0.2388,0,-1.0617
,2/17/2017,911312AJ,US911312AJ59,UPS,UPS,6.2,1/15/2038,1.67,ITRN,OTHT,"1,765.06","2,339.24",20.9014,0.6028,131.9278,3.9431,3.9431,12.8731,13.1201,12.8731,107.9251,108,117.3028,2.2391,2.3165,0.0713,0.2477,0,0.319
,2/17/2017,911312AQ,US911312AQ92,UPS,UPS,2.4,10/1/2022,1.67,ITRN,OTHT,"1,176.70","1,186.50",5.611,0.946,99.8868,2.4715,2.4715,5.1661,5.2201,5.1661,42.7916,43,43.2578,0.3055,0.3107,0.2787,0.1288,0,0.4074
,2/17/2017,912810PU,US912810PU60,US,US,5,5/15/2037,2.67,SVGN,DSOV,"-252,078.43","-341,755.47",20.2301,1.3398,134.2353,2.7766,2.7766,13.7091,14.01,13.7091,-4.8143,-5,0.1109,2.4257,2.5187,0.0978,0.2044,0,0.3021
,2/17/2017,912810RC,US912810RC45,US,US,3.6,8/15/2043,2.67,SVGN,DSOV,"-36,229.36","-40,283.05",26.4822,0.0501,111.1389,3.0116,3.0116,17.4944,18.0718,17.4944,-2.1366,-2,-0.192,3.9813,4.2136,0.1123,0.1757,0.0002,0.288
,2/17/2017,912828WE,US912828WE61,US,US,2.7,11/15/2023,2.67,SVGN,DSOV,"-389,659.41","-405,697.28",6.7342,0.7369,103.379,2.2068,2.2068,6.0923,6.1712,6.0923,-0.1065,0,0.5988,0.4236,0.4328,0.0738,0.1462,0,0.2201
,2/17/2017,913017BP,US913017BP39,UTX,UTX,6.1,7/15/2038,1,IMAN,CONG,"1,176.70","1,502.78",21.3973,0.5955,127.1154,4.193,4.193,12.9451,13.204,12.9451,129.7372,130,139.9569,2.2854,2.3679,0.079,0.254,0,0.333
,2/17/2017,913017BS,US913017BS77,UTX,UTX,5.7,4/15/2040,1,IMAN,CONG,"1,176.70","1,455.12",23.1479,1.9792,121.681,4.2228,4.2228,13.5893,13.917,13.5893,123.2185,123,134.0049,2.5708,2.6824,-0.72,0.2421,0,-0.4779
,2/17/2017,913017BT,US913017BT50,UTX,UTX,4.5,6/1/2042,1,IMAN,CONG,"4,118.47","4,408.22",25.2767,0.9875,106.0479,4.1126,4.1126,15.1976,15.6099,15.1976,108.5527,109,115.8525,3.172,3.3279,0.4331,0.2233,0,0.6564
,2/17/2017,91324PBK,US91324PBK75,UNH,UNH,6.8,2/15/2038,1.67,FINS,LIFE,"1,294.38","1,779.17",20.9863,0.0955,137.3581,4.1831,4.1831,12.5578,12.781,12.5578,131.4151,131,142.4655,2.1553,2.2253,0.8052,0.2605,0.0002,1.0657
,2/17/2017,91324PCP,US91324PCP53,UNH,UNH,3.7,7/15/2025,1.67,FINS,LIFE,"2,353.41","2,451.16",8.3973,0.3646,103.7888,3.2312,3.2312,7.1694,7.2773,7.1694,84.3338,84,86.6778,0.598,0.613,-0.0904,0.1902,0,0.0999
,2/17/2017,91324PCQ,US91324PCQ37,UNH,UNH,4.6,7/15/2035,1.67,FINS,LIFE,"1,176.70","1,286.31",18.3973,0.4497,108.8649,3.9428,3.9428,12.5574,12.7753,12.5574,120.7393,121,125.6662,2.029,2.0917,0.346,0.2246,0,0.5706
,2/17/2017,91324PCR,US91324PCR10,UNH,UNH,4.7,7/15/2045,1.67,FINS,LIFE,"2,353.41","2,626.81",28.3973,0.4618,111.1554,4.0827,4.0827,16.1378,16.5041,16.1378,103.9201,104,111.4379,3.6626,3.8215,0.9434,0.2272,0,1.1706
,2/17/2017,91324PCV,US91324PCV22,UNH,UNH,3.1,3/15/2026,1.67,FINS,LIFE,"1,176.70","1,180.39",9.063,1.3347,98.9788,3.2306,3.2306,7.7378,7.8561,7.7378,81.7474,82,83.0352,0.6965,0.7146,0.5568,0.1643,0,0.721
,2/17/2017,91911TAH,US91911TAH68,RIO,VALEE,6.8,11/21/2036,0,IMAN,METL,"2,941.76","3,149.88",19.7507,1.6997,105.375,6.3909,6.3909,10.7942,10.9234,10.7942,359.1508,359,372.5594,1.686,1.7251,2.0318,0.3469,0,2.3787
,2/17/2017,91911TAK,US91911TAK97,RIO,VALEE,6.8,11/10/2039,0,IMAN,METL,"2,059.23","2,196.37",22.7205,1.9097,104.75,6.4719,6.4719,11.4689,11.6391,11.4689,349.8606,350,368.5222,1.9757,2.0326,1.7956,0.3475,0,2.1431
,2/17/2017,91911TAP,US91911TAP84,RIO,VALEE,6.2,8/10/2026,0,IMAN,METL,"1,176.70","1,281.71",9.4685,0.1736,108.75,5.0748,5.0748,7.199,7.286,7.199,264.9944,265,271.3415,0.639,0.6527,1.2461,0.2995,0.0005,1.5456
,2/17/2017,91912EAA,US91912EAA38,RIO,VALEE,5.6,9/11/2042,0,IMAN,METL,"1,765.06","1,696.39",25.5562,2.4844,93.625,6.1212,6.1212,12.7234,12.9287,12.7234,309.2476,309,325.0986,2.4646,2.544,2.4048,0.3173,0,2.7221
,2/17/2017,91913YAL,US91913YAL48,VLO,VLO,6.6,6/15/2037,0.33,IEGY,OILR,"1,765.06","2,113.40",20.3151,1.1962,118.5391,5.1429,5.1429,11.7669,11.9449,11.7669,231.3436,231,242.8775,1.9376,1.9923,0.0791,0.2931,0,0.3722
,2/17/2017,92343VAW,US92343VAW46,VZ,VZ,6,4/1/2041,0.67,UTEL,DIVT,673.9232,773.8503,24.1096,2.3167,112.511,5.0927,5.0927,13.0713,13.3392,13.0713,207.8133,208,221.6763,2.4807,2.5759,-1.8533,0.2714,0,-1.5819
,2/17/2017,92343VBR,US92343VBR42,VZ,VZ,5.1,9/15/2023,0.67,UTEL,DIVT,"5,739.48","6,448.77",6.5671,2.2174,110.1407,3.4133,3.4133,5.5019,5.5643,5.5019,122.3264,122,126.0812,0.3637,0.3706,-0.2159,0.242,0,0.0261
,2/17/2017,92343VBS,US92343VBS25,VZ,VZ,6.4,9/15/2033,0.67,UTEL,DIVT,"1,165.54","1,408.64",16.5671,2.7556,118.1012,4.803,4.803,10.4731,10.5992,10.4731,214.5431,215,222.1261,1.4835,1.5169,-2.4429,0.2734,0,-2.1695
,2/17/2017,92343VBT,US92343VBT08,VZ,VZ,6.5,9/15/2043,0.67,UTEL,DIVT,"2,860.84","3,530.57",26.5671,2.8201,120.5902,5.1227,5.1227,13.4254,13.6456,13.4254,208.9285,209,223.6774,2.7011,2.7892,-2.1733,0.2748,0,-1.8985
,2/17/2017,92343VCK,US92343VCK89,VZ,VZ,4.8,8/21/2046,0.67,UTEL,DIVT,"3,032.68","3,013.34",29.4986,2.4175,96.9448,5.0625,5.0625,14.9868,15.2269,14.9868,202.7947,203,213.0648,3.3801,3.4919,0.8921,0.2612,0,1.1533
,2/17/2017,92343VCV,US92343VCV45,VZ,VZ,4.2,1/15/2036,0.67,UTEL,DIVT,"1,932.24","1,816.08",18.9014,0.4153,93.5729,4.7924,4.7924,12.5776,12.8009,12.5776,203.4025,203,208.84,2.0652,2.1307,0.8826,0.2426,0,1.1252
,2/17/2017,92343VCX,US92343VCX01,VZ,VZ,4.5,9/15/2048,0.67,UTEL,DIVT,"3,369.59","3,144.62",31.5671,1.947,91.3767,5.0725,5.0725,15.6957,15.9114,15.6957,204.1905,204,213.4478,3.743,3.8542,0.4639,0.2576,0,0.7215
,2/17/2017,92343VDC,US92343VDC54,VZ,VZ,4.1,8/15/2046,0.67,UTEL,DIVT,"1,010.88",878.2496,29.4822,0.0573,86.822,4.9825,4.9825,15.98,16.2748,15.98,194.7637,195,202.9534,3.6906,3.828,0.9357,0.2475,0.0002,1.1832
,2/17/2017,92343VDD,US92343VDD38,VZ,VZ,2.6,8/15/2026,0.67,UTEL,DIVT,"1,516.33","1,382.91",9.4822,0.0365,91.1648,3.7399,3.7399,8.2405,8.3675,8.2405,131.459,131,132.0922,0.7747,0.795,0.7887,0.1511,0.0001,0.9399
,2/17/2017,92344GAX,US92344GAX43,VZ,VZ,5.8,9/15/2035,0.67,UTEL,DIVT,842.683,975.9689,18.5671,2.5187,113.2981,4.7628,4.7628,11.4851,11.6532,11.4851,201.9819,202,210.0501,1.8007,1.8492,-1.5244,0.2632,0,-1.2612
,2/17/2017,925524AX,US925524AX89,NTLA,VIAB,6.8,4/30/2036,0,ISRV,CBLE,"1,270.80","1,401.40",19.189,2.1007,108.1768,6.1427,6.1427,10.721,10.849,10.721,337.0572,337,349.3453,1.6483,1.6861,1.0575,0.3512,0,1.4087
,2/17/2017,92553PAP,US92553PAP71,NTLA,VIAB,4.3,3/15/2043,0,ISRV,CBLE,"1,701.65","1,469.69",26.063,1.8837,84.485,5.5023,5.5023,14.1297,14.4305,14.1297,247.1303,247,257.651,2.92,3.0391,3.0057,0.2761,0,3.2818
,2/17/2017,92857WAQ,US92857WAQ33,VOD,VOD,6.1,2/27/2037,0.67,UTEL,WLES,"2,000.40","2,325.75",20.0191,2.9554,113.3087,5.0827,5.0827,11.6885,11.8702,11.6885,226.9497,227,237.2101,1.9218,1.9771,1.6223,0.2845,0,1.9068
,2/17/2017,92857WAZ,US92857WAZ32,VOD,VOD,2.5,9/26/2022,0.67,UTEL,WLES,"1,176.70","1,154.14",5.5973,1,97.0827,3.0707,3.0707,5.1225,5.1757,5.1225,102.9591,103,103.5258,0.3011,0.3064,0.2508,0.135,0,0.3859
,2/17/2017,92857WBC,US92857WBC38,VOD,VOD,2.9,2/19/2023,0.67,UTEL,WLES,"1,882.73","1,851.20",5.9973,0.0082,98.3174,3.2612,3.2612,5.4464,5.5079,5.4464,115.0356,115,116.1185,0.3388,0.3451,1.065,0.1579,0,1.223
,2/17/2017,92857WBD,US92857WBD11,VOD,VOD,4.3,2/19/2043,0.67,UTEL,WLES,"1,647.39","1,491.48",25.9973,0.0122,90.5239,5.0325,5.0325,14.8446,15.189,14.8446,200.1721,200,209.3856,3.1016,3.2369,0.4328,0.2508,0,0.6836
,2/17/2017,92976GAJ,US92976GAJ04,WFC,WFC,6.6,1/15/2038,1.33,FBNK,BANK,849.3202,"1,106.61",20.9014,0.6417,129.6518,4.413,4.413,12.4433,12.6619,12.4433,154.9216,155,165.8305,2.1283,2.1967,1.2003,0.2713,0,1.4716
,2/17/2017,931142BF,US931142BF98,WMT,WMT,7.5,2/15/2030,2.33,ISRV,RETL,"1,176.70","1,688.33",12.9863,0.1049,143.3746,3.3925,3.3925,9.1362,9.2435,9.1362,83.4574,83,90.4311,1.0618,1.0848,0.0836,0.2718,0.0002,0.3554
,2/17/2017,931142CB,US931142CB75,WMT,WMT,5.2,9/1/2035,2.33,ISRV,RETL,"2,941.76","3,537.79",18.5288,2.4646,117.7962,3.8929,3.8929,12.128,12.3292,12.128,115.1689,115,121.1622,1.9485,2.0066,0.5675,0.2322,0,0.7997
,2/17/2017,931142CK,US931142CK74,WMT,WMT,6.5,8/15/2037,2.33,ISRV,RETL,"3,530.11","4,739.61",20.4822,0.0903,134.1718,4.0331,4.0331,12.5913,12.8134,12.5913,119.4196,119,129.0322,2.1402,2.2088,1.1812,0.2533,0.0002,1.4345
,2/17/2017,931142CM,US931142CM31,WMT,WMT,6.2,4/15/2038,2.33,ISRV,RETL,"2,353.41","3,109.15",21.1479,2.1528,129.9597,4.073,4.073,12.7418,12.9904,12.7418,119.3517,119,129.2229,2.2313,2.3098,1.2323,0.2514,0,1.4836
,2/17/2017,931142CS,US931142CS01,WMT,WMT,5.6,4/1/2040,2.33,ISRV,RETL,"1,470.88","1,825.02",23.1096,2.1719,121.9049,4.1428,4.1428,13.6463,13.981,13.6463,115.3552,115,125.7589,2.5869,2.7007,0.0972,0.2401,0,0.3372
,2/17/2017,931142CY,US931142CY78,WMT,WMT,5,10/25/2040,2.33,ISRV,RETL,"1,470.88","1,690.60",23.6767,1.5972,113.3409,4.1127,4.1127,14.2511,14.6312,14.2511,110.6734,111,119.4906,2.7924,2.9253,0.6845,0.2317,0,0.9162
,2/17/2017,931142DB,US931142DB66,WMT,WMT,5.6,4/15/2041,2.33,ISRV,RETL,"2,353.41","2,924.37",24.1479,1.9531,122.308,4.1528,4.1528,14.0217,14.3651,14.0217,113.765,114,124.3243,2.75,2.8724,0.5243,0.2407,0,0.765
,2/17/2017,931422AH,US931422AH23,WAG,WALGC,3.1,9/15/2022,0.33,ISRV,FDRG,"1,412.05","1,434.35",5.5671,1.3347,100.245,3.0516,3.0516,5.0148,5.0651,5.0148,101.5812,102,102.7642,0.292,0.2969,0.3185,0.1618,0,0.4804
,2/17/2017,94973VBA,US94973VBA44,ANTMX,ANTMX,3.3,1/15/2023,1.33,FINS,LIFE,"1,176.70","1,182.24",5.9014,0.3208,100.1494,3.2716,3.2716,5.3087,5.3665,5.3087,117.7328,118,119.2099,0.3246,0.3304,0.0224,0.1737,0,0.1961
,2/17/2017,94973VBB,US94973VBB27,ANTMX,ANTMX,4.6,1/15/2043,1.33,FINS,LIFE,"1,176.70","1,208.34",25.9014,0.4521,102.2366,4.5026,4.5026,15.0333,15.399,15.0333,147.2291,147,155.8725,3.1535,3.296,1.7981,0.2439,0,2.042
,2/17/2017,949746RF,US949746RF01,WFC,WFC,5.6,1/15/2044,1,FBNK,BANK,"1,441.72","1,666.48",26.9014,0.545,115.0453,4.6227,4.6227,14.6441,14.9352,14.6441,158.7334,159,169.9885,3.0781,3.1964,0.7036,0.2584,0,0.962
,2/17/2017,949746RW,US949746RW34,WFC,WFC,3,4/22/2026,1.33,FBNK,BANK,"2,102.82","2,025.58",9.1671,0.9833,95.3433,3.6003,3.6003,7.8317,7.9511,7.8317,118.4732,118,119.6999,0.7112,0.7296,0.5824,0.1656,0,0.748
,2/17/2017,949746SH,US949746SH57,WFC,WFC,3,10/23/2026,1.33,FBNK,BANK,"2,102.82","2,017.70",9.6712,0.9583,94.9934,3.6176,3.6176,8.1986,8.3224,8.1986,118.4079,118,119.6206,0.781,0.8012,0.5482,0.1662,0,0.7144
,2/17/2017,94974BFJ,US94974BFJ44,WFC,WFC,3.4,2/13/2023,1,FBNK,BANK,"1,201.61","1,216.57",5.9808,0.0671,101.1773,3.2318,3.2318,5.3685,5.4276,5.3685,112.3955,112,114.0391,0.3317,0.3378,0.3883,0.1781,0.0002,0.5663
,2/17/2017,94974BFN,US94974BFN55,WFC,WFC,4.1,8/15/2023,1,FBNK,BANK,901.2101,939.8737,6.4822,0.0573,104.2329,3.3924,3.3924,5.6756,5.7421,5.6756,121.1556,121,123.7072,0.3744,0.3816,0.3328,0.206,0.0002,0.5388
,2/17/2017,94974BFP,US94974BFP04,WFC,WFC,5.3,11/2/2043,1,FBNK,BANK,"1,201.61","1,364.70",26.6986,1.6125,111.9596,4.5927,4.5927,14.5995,14.903,14.5995,155.858,156,166.527,3.0702,3.1926,1.0007,0.2529,0,1.2536
,2/17/2017,94974BFY,US94974BFY11,WFC,WFC,4.1,6/3/2026,1,FBNK,BANK,"1,502.02","1,539.40",9.2822,0.8769,101.6119,3.8909,3.8909,7.6162,7.7238,7.6162,147.2338,147,150.216,0.688,0.7048,0.3796,0.2124,0,0.592
,2/17/2017,94974BGA,US94974BGA26,WFC,WFC,3.3,9/9/2024,1.33,FBNK,BANK,"1,351.82","1,370.79",7.5507,1.4758,99.9278,3.3107,3.3107,6.5402,6.6303,6.5402,101.4822,101,103.0945,0.4981,0.5097,0.8646,0.1735,0,1.0382
,2/17/2017,94974BGE,US94974BGE48,WFC,WFC,4.6,11/4/2044,1,FBNK,BANK,"1,201.61","1,232.52",27.7041,1.3692,101.2032,4.5726,4.5726,15.3597,15.6956,15.3597,153.1695,153,161.8924,3.3818,3.5238,1.0634,0.2424,0,1.3058
,2/17/2017,94974BGH,US94974BGH78,WFC,WFC,3,2/19/2025,1.33,FBNK,BANK,"1,502.02","1,450.12",7.9973,0.0083,96.5363,3.5003,3.5003,7.0276,7.1335,7.0276,114.885,115,116.1169,0.5646,0.5787,0.795,0.1631,0,0.9581
,2/17/2017,94974BGK,US94974BGK08,WFC,WFC,3.9,5/1/2045,1.33,FBNK,BANK,"1,201.61","1,161.76",28.1918,1.1808,95.5025,4.1725,4.1725,16.5218,16.9441,16.5218,112.9262,113,118.4017,3.8087,3.9913,1.6517,0.2169,0,1.8686
,2/17/2017,94974BGL,US94974BGL80,WFC,WFC,4.3,7/22/2027,1,FBNK,BANK,"1,502.02","1,551.43",10.4164,0.3344,102.9554,3.951,3.951,8.3497,8.4688,8.3497,147.6894,148,151.051,0.8325,0.8532,0.7485,0.2218,0,0.9704
,2/17/2017,94974BGP,US94974BGP94,WFC,WFC,3.5,9/29/2025,1.33,FBNK,BANK,"1,502.02","1,520.57",8.6055,1.3904,99.8451,3.5707,3.5707,7.2597,7.3699,7.2597,117.1406,117,119.2672,0.6187,0.6343,0.4449,0.1862,0,0.6311
,2/17/2017,94974BGQ,US94974BGQ77,WFC,WFC,4.9,11/17/2045,1,FBNK,BANK,"1,201.61","1,277.34",28.7397,1.2658,105.036,4.5826,4.5826,15.4849,15.7889,15.4849,154.0087,154,163.2461,3.4784,3.6129,1.2247,0.2469,0,1.4715
,2/17/2017,94974BGT,US94974BGT17,WFC,WFC,4.4,6/14/2046,1,FBNK,BANK,"1,201.61","1,172.29",29.3123,0.8067,96.7529,4.6025,4.6025,16.0241,16.3392,16.0241,156.5462,157,164.4183,3.6995,3.8437,0.4666,0.2397,0,0.7064
,2/17/2017,94974BGU,US94974BGU89,WFC,WFC,4.7,12/7/2046,1,FBNK,BANK,"1,201.61","1,241.52",29.7945,0.95,102.3712,4.6026,4.6026,15.8777,16.1545,15.8777,157.2799,157,165.7735,3.673,3.803,0.2979,0.244,0,0.5418
,2/17/2017,961214CX,US961214CX95,WBK,WBC,2.8,5/13/2026,2,FBNK,BANK,"1,765.06","1,700.81",9.2247,0.7679,95.592,3.4103,3.4103,7.952,8.0743,7.952,99.3415,99,100.2733,0.7287,0.7477,0.268,0.1568,0,0.4248
,2/17/2017,961214DC,US961214DC40,WBK,WBC,2.7,8/19/2026,2,FBNK,BANK,"1,176.70","1,112.23",9.4932,0.0075,94.5132,3.3802,3.3802,8.2625,8.3897,8.2625,95.4553,95,96.1175,0.7787,0.799,0.4441,0.1495,0,0.5937
,2/17/2017,962166BR,US962166BR41,WY,WY,7.3,3/15/2032,0,IMAN,PAPR,"1,470.88","1,953.64",15.063,3.1753,129.6455,4.6216,4.6216,9.6201,9.7231,9.6201,201.6425,202,209.4867,1.2471,1.2724,0.2404,0.2946,0,0.535
,2/17/2017,96950FAF,US96950FAF18,WMB,WPZ,6.3,4/15/2040,0,IEGY,GSPL,"1,470.88","1,704.88",23.1479,2.1875,113.721,5.2668,5.2668,12.5696,12.8154,12.5696,227.6189,228,242.3305,2.2906,2.3741,0.2986,0.2885,0,0.5872
,2/17/2017,983024AN,US983024AN02,PFE,PFE,5.9,4/1/2037,2.33,ISRV,PHRM,"2,353.41","2,998.74",20.1096,2.2974,125.1236,4.103,4.103,12.4084,12.628,12.4084,128.4695,128,136.9396,2.0955,2.1627,-0.6696,0.2454,0,-0.4242
